respondent,democrat,republican,independent,democrat_noleaners,democrat_leaners,republican_leaners,probe,questions,responses,congenial,response_probe
3,0,0,1,NA,NA,NA,open,aca_correct,0,NA,NA
3,0,0,1,NA,NA,NA,open,aca2_correct,0,NA,0
3,0,0,1,NA,NA,NA,open,gg_correct,0,NA,NA
3,0,0,1,NA,NA,NA,open,dt_correct,1,NA,1
4,1,0,0,1,1,0,closed,aca_correct,0,1,NA
4,1,0,0,1,1,0,closed,aca2_correct,0,1,0
4,1,0,0,1,1,0,closed,gg_correct,0,1,NA
4,1,0,0,1,1,0,closed,dt_correct,1,0,1
5,1,0,0,1,1,0,closed,aca_correct,0,1,NA
5,1,0,0,1,1,0,closed,aca2_correct,0,1,0
5,1,0,0,1,1,0,closed,gg_correct,0,1,NA
5,1,0,0,1,1,0,closed,dt_correct,0,0,0
8,1,0,0,NA,1,0,closed,aca_correct,0,1,NA
8,1,0,0,NA,1,0,closed,aca2_correct,0,1,0
8,1,0,0,NA,1,0,closed,gg_correct,0,1,NA
8,1,0,0,NA,1,0,closed,dt_correct,1,0,1
9,1,0,0,1,1,0,open,aca_correct,1,1,NA
9,1,0,0,1,1,0,open,aca2_correct,1,1,1
9,1,0,0,1,1,0,open,gg_correct,0,1,NA
9,1,0,0,1,1,0,open,dt_correct,0,0,0
11,1,0,0,1,1,0,open,aca_correct,0,1,NA
11,1,0,0,1,1,0,open,aca2_correct,0,1,0
11,1,0,0,1,1,0,open,gg_correct,0,1,NA
11,1,0,0,1,1,0,open,dt_correct,1,0,1
12,1,0,0,NA,1,0,closed,aca_correct,0,1,NA
12,1,0,0,NA,1,0,closed,aca2_correct,0,1,0
12,1,0,0,NA,1,0,closed,gg_correct,0,1,NA
12,1,0,0,NA,1,0,closed,dt_correct,0,0,0
13,0,1,0,0,0,1,closed,aca_correct,0,0,NA
13,0,1,0,0,0,1,closed,aca2_correct,0,0,0
13,0,1,0,0,0,1,closed,gg_correct,0,0,NA
13,0,1,0,0,0,1,closed,dt_correct,1,1,1
14,0,1,0,0,0,1,open,aca_correct,0,0,NA
14,0,1,0,0,0,1,open,aca2_correct,0,0,0
14,0,1,0,0,0,1,open,gg_correct,0,0,NA
14,0,1,0,0,0,1,open,dt_correct,1,1,1
15,0,0,1,NA,NA,NA,closed,aca_correct,1,NA,NA
15,0,0,1,NA,NA,NA,closed,aca2_correct,1,NA,1
15,0,0,1,NA,NA,NA,closed,gg_correct,0,NA,NA
15,0,0,1,NA,NA,NA,closed,dt_correct,0,NA,0
18,0,1,0,0,0,1,closed,aca_correct,0,0,NA
18,0,1,0,0,0,1,closed,aca2_correct,0,0,0
18,0,1,0,0,0,1,closed,gg_correct,0,0,NA
18,0,1,0,0,0,1,closed,dt_correct,0,1,0
20,1,0,0,NA,1,0,open,aca_correct,0,1,NA
20,1,0,0,NA,1,0,open,aca2_correct,0,1,0
20,1,0,0,NA,1,0,open,gg_correct,1,1,NA
20,1,0,0,NA,1,0,open,dt_correct,1,0,1
22,1,0,0,1,1,0,closed,aca_correct,0,1,NA
22,1,0,0,1,1,0,closed,aca2_correct,0,1,0
22,1,0,0,1,1,0,closed,gg_correct,0,1,NA
22,1,0,0,1,1,0,closed,dt_correct,1,0,1
24,0,1,0,0,0,1,open,aca_correct,0,0,NA
24,0,1,0,0,0,1,open,aca2_correct,1,0,1
24,0,1,0,0,0,1,open,gg_correct,0,0,NA
24,0,1,0,0,0,1,open,dt_correct,0,1,0
25,0,1,0,0,0,1,closed,aca_correct,0,0,NA
25,0,1,0,0,0,1,closed,aca2_correct,0,0,0
25,0,1,0,0,0,1,closed,gg_correct,1,0,NA
25,0,1,0,0,0,1,closed,dt_correct,1,1,1
27,0,1,0,0,0,1,closed,aca_correct,0,0,NA
27,0,1,0,0,0,1,closed,aca2_correct,0,0,0
27,0,1,0,0,0,1,closed,gg_correct,1,0,NA
27,0,1,0,0,0,1,closed,dt_correct,1,1,1
28,1,0,0,1,1,0,closed,aca_correct,1,1,NA
28,1,0,0,1,1,0,closed,aca2_correct,1,1,1
28,1,0,0,1,1,0,closed,gg_correct,0,1,NA
28,1,0,0,1,1,0,closed,dt_correct,0,0,0
30,1,0,0,1,1,0,open,aca_correct,1,1,NA
30,1,0,0,1,1,0,open,aca2_correct,1,1,1
30,1,0,0,1,1,0,open,gg_correct,0,1,NA
30,1,0,0,1,1,0,open,dt_correct,0,0,0
31,0,0,1,NA,NA,NA,closed,aca_correct,0,NA,NA
31,0,0,1,NA,NA,NA,closed,aca2_correct,0,NA,0
31,0,0,1,NA,NA,NA,closed,gg_correct,0,NA,NA
31,0,0,1,NA,NA,NA,closed,dt_correct,0,NA,0
32,1,0,0,1,1,0,open,aca_correct,0,1,NA
32,1,0,0,1,1,0,open,aca2_correct,0,1,0
32,1,0,0,1,1,0,open,gg_correct,0,1,NA
32,1,0,0,1,1,0,open,dt_correct,1,0,1
34,1,0,0,1,1,0,open,aca_correct,1,1,NA
34,1,0,0,1,1,0,open,aca2_correct,1,1,1
34,1,0,0,1,1,0,open,gg_correct,0,1,NA
34,1,0,0,1,1,0,open,dt_correct,1,0,1
35,NA,NA,NA,NA,0,1,closed,aca_correct,0,0,NA
35,NA,NA,NA,NA,0,1,closed,aca2_correct,0,0,0
35,NA,NA,NA,NA,0,1,closed,gg_correct,0,0,NA
35,NA,NA,NA,NA,0,1,closed,dt_correct,1,1,1
37,1,0,0,1,1,0,closed,aca_correct,0,1,NA
37,1,0,0,1,1,0,closed,aca2_correct,0,1,0
37,1,0,0,1,1,0,closed,gg_correct,0,1,NA
37,1,0,0,1,1,0,closed,dt_correct,0,0,0
38,1,0,0,1,1,0,closed,aca_correct,0,1,NA
38,1,0,0,1,1,0,closed,aca2_correct,0,1,0
38,1,0,0,1,1,0,closed,gg_correct,0,1,NA
38,1,0,0,1,1,0,closed,dt_correct,0,0,0
39,0,1,0,0,0,1,closed,aca_correct,0,0,NA
39,0,1,0,0,0,1,closed,aca2_correct,0,0,0
39,0,1,0,0,0,1,closed,gg_correct,0,0,NA
39,0,1,0,0,0,1,closed,dt_correct,1,1,1
40,0,0,1,NA,NA,NA,closed,aca_correct,0,NA,NA
40,0,0,1,NA,NA,NA,closed,aca2_correct,0,NA,0
40,0,0,1,NA,NA,NA,closed,gg_correct,0,NA,NA
40,0,0,1,NA,NA,NA,closed,dt_correct,1,NA,1
44,1,0,0,NA,1,0,closed,aca_correct,0,1,NA
44,1,0,0,NA,1,0,closed,aca2_correct,1,1,1
44,1,0,0,NA,1,0,closed,gg_correct,0,1,NA
44,1,0,0,NA,1,0,closed,dt_correct,0,0,0
45,0,1,0,0,0,1,closed,aca_correct,0,0,NA
45,0,1,0,0,0,1,closed,aca2_correct,0,0,0
45,0,1,0,0,0,1,closed,gg_correct,0,0,NA
45,0,1,0,0,0,1,closed,dt_correct,0,1,0
47,0,1,0,0,0,1,closed,aca_correct,0,0,NA
47,0,1,0,0,0,1,closed,aca2_correct,0,0,0
47,0,1,0,0,0,1,closed,gg_correct,0,0,NA
47,0,1,0,0,0,1,closed,dt_correct,1,1,1
48,1,0,0,1,1,0,closed,aca_correct,0,1,NA
48,1,0,0,1,1,0,closed,aca2_correct,0,1,0
48,1,0,0,1,1,0,closed,gg_correct,1,1,NA
48,1,0,0,1,1,0,closed,dt_correct,1,0,1
51,1,0,0,1,1,0,closed,aca_correct,0,1,NA
51,1,0,0,1,1,0,closed,aca2_correct,0,1,0
51,1,0,0,1,1,0,closed,gg_correct,1,1,NA
51,1,0,0,1,1,0,closed,dt_correct,1,0,1
53,0,0,1,NA,NA,NA,open,aca_correct,0,NA,NA
53,0,0,1,NA,NA,NA,open,aca2_correct,0,NA,0
53,0,0,1,NA,NA,NA,open,gg_correct,0,NA,NA
53,0,0,1,NA,NA,NA,open,dt_correct,1,NA,1
56,1,0,0,1,1,0,closed,aca_correct,0,1,NA
56,1,0,0,1,1,0,closed,aca2_correct,0,1,0
56,1,0,0,1,1,0,closed,gg_correct,1,1,NA
56,1,0,0,1,1,0,closed,dt_correct,1,0,1
58,0,0,1,NA,0,0,open,aca_correct,1,0,NA
58,0,0,1,NA,0,0,open,aca2_correct,1,0,1
58,0,0,1,NA,0,0,open,gg_correct,1,0,NA
58,0,0,1,NA,0,0,open,dt_correct,1,1,1
59,0,1,0,0,0,1,closed,aca_correct,0,0,NA
59,0,1,0,0,0,1,closed,aca2_correct,0,0,0
59,0,1,0,0,0,1,closed,gg_correct,0,0,NA
59,0,1,0,0,0,1,closed,dt_correct,0,1,0
61,1,0,0,1,1,0,open,aca_correct,0,1,NA
61,1,0,0,1,1,0,open,aca2_correct,1,1,1
61,1,0,0,1,1,0,open,gg_correct,0,1,NA
61,1,0,0,1,1,0,open,dt_correct,1,0,1
62,0,0,1,NA,NA,NA,closed,aca_correct,0,NA,NA
62,0,0,1,NA,NA,NA,closed,aca2_correct,0,NA,0
62,0,0,1,NA,NA,NA,closed,gg_correct,0,NA,NA
62,0,0,1,NA,NA,NA,closed,dt_correct,1,NA,1
63,0,0,1,NA,NA,NA,closed,aca_correct,0,NA,NA
63,0,0,1,NA,NA,NA,closed,aca2_correct,0,NA,0
63,0,0,1,NA,NA,NA,closed,gg_correct,0,NA,NA
63,0,0,1,NA,NA,NA,closed,dt_correct,0,NA,0
64,NA,NA,NA,NA,0,1,open,aca_correct,0,0,NA
64,NA,NA,NA,NA,0,1,open,aca2_correct,1,0,1
64,NA,NA,NA,NA,0,1,open,gg_correct,0,0,NA
64,NA,NA,NA,NA,0,1,open,dt_correct,1,1,1
66,0,1,0,0,0,1,closed,aca_correct,0,0,NA
66,0,1,0,0,0,1,closed,aca2_correct,1,0,1
66,0,1,0,0,0,1,closed,gg_correct,0,0,NA
66,0,1,0,0,0,1,closed,dt_correct,1,1,1
67,1,0,0,NA,1,0,closed,aca_correct,0,1,NA
67,1,0,0,NA,1,0,closed,aca2_correct,0,1,0
67,1,0,0,NA,1,0,closed,gg_correct,0,1,NA
67,1,0,0,NA,1,0,closed,dt_correct,1,0,1
68,0,1,0,0,0,1,closed,aca_correct,0,0,NA
68,0,1,0,0,0,1,closed,aca2_correct,0,0,0
68,0,1,0,0,0,1,closed,gg_correct,0,0,NA
68,0,1,0,0,0,1,closed,dt_correct,1,1,1
69,1,0,0,NA,1,0,closed,aca_correct,0,1,NA
69,1,0,0,NA,1,0,closed,aca2_correct,0,1,0
69,1,0,0,NA,1,0,closed,gg_correct,0,1,NA
69,1,0,0,NA,1,0,closed,dt_correct,0,0,0
71,1,0,0,1,1,0,closed,aca_correct,1,1,NA
71,1,0,0,1,1,0,closed,aca2_correct,0,1,0
71,1,0,0,1,1,0,closed,gg_correct,1,1,NA
71,1,0,0,1,1,0,closed,dt_correct,1,0,1
72,1,0,0,1,1,0,open,aca_correct,0,1,NA
72,1,0,0,1,1,0,open,aca2_correct,0,1,0
72,1,0,0,1,1,0,open,gg_correct,0,1,NA
72,1,0,0,1,1,0,open,dt_correct,0,0,0
73,1,0,0,1,1,0,closed,aca_correct,0,1,NA
73,1,0,0,1,1,0,closed,aca2_correct,0,1,0
73,1,0,0,1,1,0,closed,gg_correct,0,1,NA
73,1,0,0,1,1,0,closed,dt_correct,1,0,1
75,1,0,0,NA,1,0,open,aca_correct,0,1,NA
75,1,0,0,NA,1,0,open,aca2_correct,0,1,0
75,1,0,0,NA,1,0,open,gg_correct,1,1,NA
75,1,0,0,NA,1,0,open,dt_correct,1,0,1
77,1,0,0,1,1,0,open,aca_correct,0,1,NA
77,1,0,0,1,1,0,open,aca2_correct,0,1,0
77,1,0,0,1,1,0,open,gg_correct,1,1,NA
77,1,0,0,1,1,0,open,dt_correct,1,0,1
78,1,0,0,1,1,0,closed,aca_correct,0,1,NA
78,1,0,0,1,1,0,closed,aca2_correct,0,1,0
78,1,0,0,1,1,0,closed,gg_correct,0,1,NA
78,1,0,0,1,1,0,closed,dt_correct,1,0,1
82,0,1,0,0,0,1,closed,aca_correct,0,0,NA
82,0,1,0,0,0,1,closed,aca2_correct,0,0,0
82,0,1,0,0,0,1,closed,gg_correct,0,0,NA
82,0,1,0,0,0,1,closed,dt_correct,0,1,0
83,0,1,0,0,0,1,open,aca_correct,0,0,NA
83,0,1,0,0,0,1,open,aca2_correct,0,0,0
83,0,1,0,0,0,1,open,gg_correct,0,0,NA
83,0,1,0,0,0,1,open,dt_correct,1,1,1
88,0,1,0,0,0,1,open,aca_correct,0,0,NA
88,0,1,0,0,0,1,open,aca2_correct,0,0,0
88,0,1,0,0,0,1,open,gg_correct,0,0,NA
88,0,1,0,0,0,1,open,dt_correct,1,1,1
89,0,1,0,0,0,1,closed,aca_correct,1,0,NA
89,0,1,0,0,0,1,closed,aca2_correct,1,0,1
89,0,1,0,0,0,1,closed,gg_correct,1,0,NA
89,0,1,0,0,0,1,closed,dt_correct,0,1,0
90,0,0,1,NA,NA,NA,closed,aca_correct,1,NA,NA
90,0,0,1,NA,NA,NA,closed,aca2_correct,1,NA,1
90,0,0,1,NA,NA,NA,closed,gg_correct,0,NA,NA
90,0,0,1,NA,NA,NA,closed,dt_correct,0,NA,0
91,0,0,1,NA,NA,NA,open,aca_correct,0,NA,NA
91,0,0,1,NA,NA,NA,open,aca2_correct,0,NA,0
91,0,0,1,NA,NA,NA,open,gg_correct,1,NA,NA
91,0,0,1,NA,NA,NA,open,dt_correct,0,NA,0
94,0,0,1,NA,NA,NA,closed,aca_correct,1,NA,NA
94,0,0,1,NA,NA,NA,closed,aca2_correct,1,NA,1
94,0,0,1,NA,NA,NA,closed,gg_correct,1,NA,NA
94,0,0,1,NA,NA,NA,closed,dt_correct,1,NA,1
99,0,0,1,NA,NA,NA,closed,aca_correct,1,NA,NA
99,0,0,1,NA,NA,NA,closed,aca2_correct,1,NA,1
99,0,0,1,NA,NA,NA,closed,gg_correct,0,NA,NA
99,0,0,1,NA,NA,NA,closed,dt_correct,1,NA,1
101,1,0,0,1,1,0,closed,aca_correct,1,1,NA
101,1,0,0,1,1,0,closed,aca2_correct,1,1,1
101,1,0,0,1,1,0,closed,gg_correct,1,1,NA
101,1,0,0,1,1,0,closed,dt_correct,1,0,1
104,0,1,0,0,0,1,closed,aca_correct,0,0,NA
104,0,1,0,0,0,1,closed,aca2_correct,0,0,0
104,0,1,0,0,0,1,closed,gg_correct,0,0,NA
104,0,1,0,0,0,1,closed,dt_correct,0,1,0
106,0,1,0,0,0,1,closed,aca_correct,0,0,NA
106,0,1,0,0,0,1,closed,aca2_correct,0,0,0
106,0,1,0,0,0,1,closed,gg_correct,0,0,NA
106,0,1,0,0,0,1,closed,dt_correct,1,1,1
107,0,0,1,NA,NA,NA,closed,aca_correct,0,NA,NA
107,0,0,1,NA,NA,NA,closed,aca2_correct,0,NA,0
107,0,0,1,NA,NA,NA,closed,gg_correct,0,NA,NA
107,0,0,1,NA,NA,NA,closed,dt_correct,0,NA,0
108,0,0,1,NA,NA,NA,open,aca_correct,0,NA,NA
108,0,0,1,NA,NA,NA,open,aca2_correct,0,NA,0
108,0,0,1,NA,NA,NA,open,gg_correct,0,NA,NA
108,0,0,1,NA,NA,NA,open,dt_correct,0,NA,0
109,0,0,1,NA,NA,NA,open,aca_correct,0,NA,NA
109,0,0,1,NA,NA,NA,open,aca2_correct,0,NA,0
109,0,0,1,NA,NA,NA,open,gg_correct,0,NA,NA
109,0,0,1,NA,NA,NA,open,dt_correct,0,NA,0
110,1,0,0,1,1,0,open,aca_correct,1,1,NA
110,1,0,0,1,1,0,open,aca2_correct,1,1,1
110,1,0,0,1,1,0,open,gg_correct,1,1,NA
110,1,0,0,1,1,0,open,dt_correct,1,0,1
111,1,0,0,1,1,0,closed,aca_correct,0,1,NA
111,1,0,0,1,1,0,closed,aca2_correct,0,1,0
111,1,0,0,1,1,0,closed,gg_correct,1,1,NA
111,1,0,0,1,1,0,closed,dt_correct,0,0,0
113,0,0,1,NA,NA,NA,open,aca_correct,1,NA,NA
113,0,0,1,NA,NA,NA,open,aca2_correct,1,NA,1
113,0,0,1,NA,NA,NA,open,gg_correct,0,NA,NA
113,0,0,1,NA,NA,NA,open,dt_correct,0,NA,0
114,0,1,0,0,0,1,closed,aca_correct,0,0,NA
114,0,1,0,0,0,1,closed,aca2_correct,0,0,0
114,0,1,0,0,0,1,closed,gg_correct,1,0,NA
114,0,1,0,0,0,1,closed,dt_correct,1,1,1
115,0,0,1,NA,NA,NA,closed,aca_correct,1,NA,NA
115,0,0,1,NA,NA,NA,closed,aca2_correct,1,NA,1
115,0,0,1,NA,NA,NA,closed,gg_correct,0,NA,NA
115,0,0,1,NA,NA,NA,closed,dt_correct,1,NA,1
117,0,0,1,NA,NA,NA,closed,aca_correct,1,NA,NA
117,0,0,1,NA,NA,NA,closed,aca2_correct,1,NA,1
117,0,0,1,NA,NA,NA,closed,gg_correct,1,NA,NA
117,0,0,1,NA,NA,NA,closed,dt_correct,1,NA,1
121,1,0,0,1,1,0,closed,aca_correct,1,1,NA
121,1,0,0,1,1,0,closed,aca2_correct,1,1,1
121,1,0,0,1,1,0,closed,gg_correct,0,1,NA
121,1,0,0,1,1,0,closed,dt_correct,1,0,1
125,1,0,0,1,1,0,open,aca_correct,0,1,NA
125,1,0,0,1,1,0,open,aca2_correct,0,1,0
125,1,0,0,1,1,0,open,gg_correct,1,1,NA
125,1,0,0,1,1,0,open,dt_correct,1,0,1
126,1,0,0,NA,1,0,closed,aca_correct,1,1,NA
126,1,0,0,NA,1,0,closed,aca2_correct,0,1,0
126,1,0,0,NA,1,0,closed,gg_correct,1,1,NA
126,1,0,0,NA,1,0,closed,dt_correct,0,0,0
128,1,0,0,1,1,0,closed,aca_correct,0,1,NA
128,1,0,0,1,1,0,closed,aca2_correct,0,1,0
128,1,0,0,1,1,0,closed,gg_correct,0,1,NA
128,1,0,0,1,1,0,closed,dt_correct,1,0,1
129,0,0,1,NA,NA,NA,closed,aca_correct,0,NA,NA
129,0,0,1,NA,NA,NA,closed,aca2_correct,0,NA,0
129,0,0,1,NA,NA,NA,closed,gg_correct,0,NA,NA
129,0,0,1,NA,NA,NA,closed,dt_correct,1,NA,1
130,1,0,0,1,1,0,closed,aca_correct,0,1,NA
130,1,0,0,1,1,0,closed,aca2_correct,0,1,0
130,1,0,0,1,1,0,closed,gg_correct,0,1,NA
130,1,0,0,1,1,0,closed,dt_correct,1,0,1
131,0,1,0,0,0,1,closed,aca_correct,0,0,NA
131,0,1,0,0,0,1,closed,aca2_correct,0,0,0
131,0,1,0,0,0,1,closed,gg_correct,0,0,NA
131,0,1,0,0,0,1,closed,dt_correct,1,1,1
132,1,0,0,NA,1,0,open,aca_correct,1,1,NA
132,1,0,0,NA,1,0,open,aca2_correct,0,1,0
132,1,0,0,NA,1,0,open,gg_correct,1,1,NA
132,1,0,0,NA,1,0,open,dt_correct,1,0,1
138,1,0,0,1,1,0,closed,aca_correct,0,1,NA
138,1,0,0,1,1,0,closed,aca2_correct,0,1,0
138,1,0,0,1,1,0,closed,gg_correct,0,1,NA
138,1,0,0,1,1,0,closed,dt_correct,1,0,1
141,1,0,0,NA,1,0,closed,aca_correct,1,1,NA
141,1,0,0,NA,1,0,closed,aca2_correct,1,1,1
141,1,0,0,NA,1,0,closed,gg_correct,0,1,NA
141,1,0,0,NA,1,0,closed,dt_correct,0,0,0
143,1,0,0,1,1,0,open,aca_correct,0,1,NA
143,1,0,0,1,1,0,open,aca2_correct,1,1,1
143,1,0,0,1,1,0,open,gg_correct,0,1,NA
143,1,0,0,1,1,0,open,dt_correct,1,0,1
144,1,0,0,1,1,0,closed,aca_correct,1,1,NA
144,1,0,0,1,1,0,closed,aca2_correct,0,1,0
144,1,0,0,1,1,0,closed,gg_correct,0,1,NA
144,1,0,0,1,1,0,closed,dt_correct,1,0,1
146,1,0,0,1,1,0,closed,aca_correct,0,1,NA
146,1,0,0,1,1,0,closed,aca2_correct,0,1,0
146,1,0,0,1,1,0,closed,gg_correct,0,1,NA
146,1,0,0,1,1,0,closed,dt_correct,1,0,1
151,0,1,0,0,0,1,closed,aca_correct,0,0,NA
151,0,1,0,0,0,1,closed,aca2_correct,0,0,0
151,0,1,0,0,0,1,closed,gg_correct,0,0,NA
151,0,1,0,0,0,1,closed,dt_correct,1,1,1
152,1,0,0,1,1,0,closed,aca_correct,0,1,NA
152,1,0,0,1,1,0,closed,aca2_correct,1,1,1
152,1,0,0,1,1,0,closed,gg_correct,0,1,NA
152,1,0,0,1,1,0,closed,dt_correct,1,0,1
153,1,0,0,1,1,0,closed,aca_correct,1,1,NA
153,1,0,0,1,1,0,closed,aca2_correct,0,1,0
153,1,0,0,1,1,0,closed,gg_correct,0,1,NA
153,1,0,0,1,1,0,closed,dt_correct,1,0,1
156,1,0,0,1,1,0,closed,aca_correct,1,1,NA
156,1,0,0,1,1,0,closed,aca2_correct,1,1,1
156,1,0,0,1,1,0,closed,gg_correct,0,1,NA
156,1,0,0,1,1,0,closed,dt_correct,1,0,1
158,1,0,0,1,1,0,closed,aca_correct,1,1,NA
158,1,0,0,1,1,0,closed,aca2_correct,1,1,1
158,1,0,0,1,1,0,closed,gg_correct,0,1,NA
158,1,0,0,1,1,0,closed,dt_correct,1,0,1
162,1,0,0,NA,1,0,closed,aca_correct,1,1,NA
162,1,0,0,NA,1,0,closed,aca2_correct,0,1,0
162,1,0,0,NA,1,0,closed,gg_correct,1,1,NA
162,1,0,0,NA,1,0,closed,dt_correct,1,0,1
164,1,0,0,1,1,0,open,aca_correct,0,1,NA
164,1,0,0,1,1,0,open,aca2_correct,0,1,0
164,1,0,0,1,1,0,open,gg_correct,1,1,NA
164,1,0,0,1,1,0,open,dt_correct,1,0,1
167,0,1,0,0,0,1,closed,aca_correct,0,0,NA
167,0,1,0,0,0,1,closed,aca2_correct,0,0,0
167,0,1,0,0,0,1,closed,gg_correct,0,0,NA
167,0,1,0,0,0,1,closed,dt_correct,1,1,1
168,0,1,0,0,0,1,closed,aca_correct,0,0,NA
168,0,1,0,0,0,1,closed,aca2_correct,0,0,0
168,0,1,0,0,0,1,closed,gg_correct,0,0,NA
168,0,1,0,0,0,1,closed,dt_correct,1,1,1
171,0,1,0,0,0,1,closed,aca_correct,0,0,NA
171,0,1,0,0,0,1,closed,aca2_correct,0,0,0
171,0,1,0,0,0,1,closed,gg_correct,1,0,NA
171,0,1,0,0,0,1,closed,dt_correct,1,1,1
172,1,0,0,1,1,0,open,aca_correct,0,1,NA
172,1,0,0,1,1,0,open,aca2_correct,0,1,0
172,1,0,0,1,1,0,open,gg_correct,0,1,NA
172,1,0,0,1,1,0,open,dt_correct,1,0,1
173,0,1,0,0,0,1,closed,aca_correct,1,0,NA
173,0,1,0,0,0,1,closed,aca2_correct,0,0,0
173,0,1,0,0,0,1,closed,gg_correct,1,0,NA
173,0,1,0,0,0,1,closed,dt_correct,0,1,0
174,NA,NA,NA,NA,0,1,open,aca_correct,0,0,NA
174,NA,NA,NA,NA,0,1,open,aca2_correct,0,0,0
174,NA,NA,NA,NA,0,1,open,gg_correct,0,0,NA
174,NA,NA,NA,NA,0,1,open,dt_correct,1,1,1
176,1,0,0,1,1,0,closed,aca_correct,1,1,NA
176,1,0,0,1,1,0,closed,aca2_correct,0,1,0
176,1,0,0,1,1,0,closed,gg_correct,1,1,NA
176,1,0,0,1,1,0,closed,dt_correct,1,0,1
178,1,0,0,1,1,0,open,aca_correct,0,1,NA
178,1,0,0,1,1,0,open,aca2_correct,1,1,1
178,1,0,0,1,1,0,open,gg_correct,0,1,NA
178,1,0,0,1,1,0,open,dt_correct,1,0,1
179,1,0,0,1,1,0,open,aca_correct,1,1,NA
179,1,0,0,1,1,0,open,aca2_correct,1,1,1
179,1,0,0,1,1,0,open,gg_correct,1,1,NA
179,1,0,0,1,1,0,open,dt_correct,1,0,1
181,NA,NA,NA,NA,0,1,closed,aca_correct,0,0,NA
181,NA,NA,NA,NA,0,1,closed,aca2_correct,0,0,0
181,NA,NA,NA,NA,0,1,closed,gg_correct,0,0,NA
181,NA,NA,NA,NA,0,1,closed,dt_correct,1,1,1
183,1,0,0,1,1,0,open,aca_correct,1,1,NA
183,1,0,0,1,1,0,open,aca2_correct,0,1,0
183,1,0,0,1,1,0,open,gg_correct,0,1,NA
183,1,0,0,1,1,0,open,dt_correct,1,0,1
186,1,0,0,1,1,0,closed,aca_correct,0,1,NA
186,1,0,0,1,1,0,closed,aca2_correct,0,1,0
186,1,0,0,1,1,0,closed,gg_correct,0,1,NA
186,1,0,0,1,1,0,closed,dt_correct,1,0,1
193,1,0,0,1,1,0,open,aca_correct,0,1,NA
193,1,0,0,1,1,0,open,aca2_correct,0,1,0
193,1,0,0,1,1,0,open,gg_correct,1,1,NA
193,1,0,0,1,1,0,open,dt_correct,1,0,1
196,1,0,0,NA,1,0,closed,aca_correct,0,1,NA
196,1,0,0,NA,1,0,closed,aca2_correct,0,1,0
196,1,0,0,NA,1,0,closed,gg_correct,0,1,NA
196,1,0,0,NA,1,0,closed,dt_correct,1,0,1
197,0,1,0,0,0,1,open,aca_correct,0,0,NA
197,0,1,0,0,0,1,open,aca2_correct,0,0,0
197,0,1,0,0,0,1,open,gg_correct,1,0,NA
197,0,1,0,0,0,1,open,dt_correct,1,1,1
199,0,0,1,NA,NA,NA,open,aca_correct,0,NA,NA
199,0,0,1,NA,NA,NA,open,aca2_correct,0,NA,0
199,0,0,1,NA,NA,NA,open,gg_correct,0,NA,NA
199,0,0,1,NA,NA,NA,open,dt_correct,1,NA,1
200,1,0,0,1,1,0,closed,aca_correct,1,1,NA
200,1,0,0,1,1,0,closed,aca2_correct,0,1,0
200,1,0,0,1,1,0,closed,gg_correct,1,1,NA
200,1,0,0,1,1,0,closed,dt_correct,1,0,1
201,1,0,0,1,1,0,closed,aca_correct,1,1,NA
201,1,0,0,1,1,0,closed,aca2_correct,0,1,0
201,1,0,0,1,1,0,closed,gg_correct,1,1,NA
201,1,0,0,1,1,0,closed,dt_correct,1,0,1
202,0,0,1,NA,NA,NA,open,aca_correct,0,NA,NA
202,0,0,1,NA,NA,NA,open,aca2_correct,0,NA,0
202,0,0,1,NA,NA,NA,open,gg_correct,0,NA,NA
202,0,0,1,NA,NA,NA,open,dt_correct,0,NA,0
205,0,1,0,0,0,1,closed,aca_correct,0,0,NA
205,0,1,0,0,0,1,closed,aca2_correct,0,0,0
205,0,1,0,0,0,1,closed,gg_correct,0,0,NA
205,0,1,0,0,0,1,closed,dt_correct,1,1,1
206,1,0,0,NA,1,0,closed,aca_correct,1,1,NA
206,1,0,0,NA,1,0,closed,aca2_correct,1,1,1
206,1,0,0,NA,1,0,closed,gg_correct,0,1,NA
206,1,0,0,NA,1,0,closed,dt_correct,1,0,1
207,1,0,0,1,1,0,closed,aca_correct,0,1,NA
207,1,0,0,1,1,0,closed,aca2_correct,0,1,0
207,1,0,0,1,1,0,closed,gg_correct,0,1,NA
207,1,0,0,1,1,0,closed,dt_correct,1,0,1
209,1,0,0,1,1,0,closed,aca_correct,0,1,NA
209,1,0,0,1,1,0,closed,aca2_correct,1,1,1
209,1,0,0,1,1,0,closed,gg_correct,0,1,NA
209,1,0,0,1,1,0,closed,dt_correct,1,0,1
211,1,0,0,NA,1,0,closed,aca_correct,0,1,NA
211,1,0,0,NA,1,0,closed,aca2_correct,0,1,0
211,1,0,0,NA,1,0,closed,gg_correct,0,1,NA
211,1,0,0,NA,1,0,closed,dt_correct,0,0,0
212,1,0,0,1,1,0,closed,aca_correct,1,1,NA
212,1,0,0,1,1,0,closed,aca2_correct,0,1,0
212,1,0,0,1,1,0,closed,gg_correct,1,1,NA
212,1,0,0,1,1,0,closed,dt_correct,1,0,1
213,0,0,1,NA,0,0,open,aca_correct,1,0,NA
213,0,0,1,NA,0,0,open,aca2_correct,0,0,0
213,0,0,1,NA,0,0,open,gg_correct,1,0,NA
213,0,0,1,NA,0,0,open,dt_correct,1,1,1
219,1,0,0,1,1,0,closed,aca_correct,0,1,NA
219,1,0,0,1,1,0,closed,aca2_correct,0,1,0
219,1,0,0,1,1,0,closed,gg_correct,1,1,NA
219,1,0,0,1,1,0,closed,dt_correct,1,0,1
221,NA,NA,NA,NA,0,1,closed,aca_correct,0,0,NA
221,NA,NA,NA,NA,0,1,closed,aca2_correct,0,0,0
221,NA,NA,NA,NA,0,1,closed,gg_correct,1,0,NA
221,NA,NA,NA,NA,0,1,closed,dt_correct,1,1,1
223,1,0,0,NA,1,0,closed,aca_correct,1,1,NA
223,1,0,0,NA,1,0,closed,aca2_correct,0,1,0
223,1,0,0,NA,1,0,closed,gg_correct,1,1,NA
223,1,0,0,NA,1,0,closed,dt_correct,1,0,1
224,0,1,0,0,0,1,open,aca_correct,0,0,NA
224,0,1,0,0,0,1,open,aca2_correct,0,0,0
224,0,1,0,0,0,1,open,gg_correct,0,0,NA
224,0,1,0,0,0,1,open,dt_correct,0,1,0
225,0,0,1,NA,NA,NA,closed,aca_correct,0,NA,NA
225,0,0,1,NA,NA,NA,closed,aca2_correct,1,NA,1
225,0,0,1,NA,NA,NA,closed,gg_correct,0,NA,NA
225,0,0,1,NA,NA,NA,closed,dt_correct,1,NA,1
227,NA,NA,NA,NA,0,1,open,aca_correct,0,0,NA
227,NA,NA,NA,NA,0,1,open,aca2_correct,0,0,0
227,NA,NA,NA,NA,0,1,open,gg_correct,0,0,NA
227,NA,NA,NA,NA,0,1,open,dt_correct,1,1,1
230,1,0,0,NA,1,0,open,aca_correct,1,1,NA
230,1,0,0,NA,1,0,open,aca2_correct,0,1,0
230,1,0,0,NA,1,0,open,gg_correct,1,1,NA
230,1,0,0,NA,1,0,open,dt_correct,1,0,1
232,0,0,1,NA,NA,NA,closed,aca_correct,0,NA,NA
232,0,0,1,NA,NA,NA,closed,aca2_correct,0,NA,0
232,0,0,1,NA,NA,NA,closed,gg_correct,0,NA,NA
232,0,0,1,NA,NA,NA,closed,dt_correct,0,NA,0
234,1,0,0,1,1,0,open,aca_correct,1,1,NA
234,1,0,0,1,1,0,open,aca2_correct,0,1,0
234,1,0,0,1,1,0,open,gg_correct,0,1,NA
234,1,0,0,1,1,0,open,dt_correct,1,0,1
235,0,0,1,NA,NA,NA,open,aca_correct,0,NA,NA
235,0,0,1,NA,NA,NA,open,aca2_correct,0,NA,0
235,0,0,1,NA,NA,NA,open,gg_correct,1,NA,NA
235,0,0,1,NA,NA,NA,open,dt_correct,0,NA,0
236,1,0,0,NA,1,0,open,aca_correct,0,1,NA
236,1,0,0,NA,1,0,open,aca2_correct,0,1,0
236,1,0,0,NA,1,0,open,gg_correct,0,1,NA
236,1,0,0,NA,1,0,open,dt_correct,1,0,1
237,1,0,0,NA,1,0,closed,aca_correct,0,1,NA
237,1,0,0,NA,1,0,closed,aca2_correct,0,1,0
237,1,0,0,NA,1,0,closed,gg_correct,0,1,NA
237,1,0,0,NA,1,0,closed,dt_correct,1,0,1
240,0,1,0,0,0,1,closed,aca_correct,0,0,NA
240,0,1,0,0,0,1,closed,aca2_correct,0,0,0
240,0,1,0,0,0,1,closed,gg_correct,0,0,NA
240,0,1,0,0,0,1,closed,dt_correct,1,1,1
244,1,0,0,1,1,0,open,aca_correct,0,1,NA
244,1,0,0,1,1,0,open,aca2_correct,0,1,0
244,1,0,0,1,1,0,open,gg_correct,0,1,NA
244,1,0,0,1,1,0,open,dt_correct,1,0,1
246,1,0,0,1,1,0,closed,aca_correct,0,1,NA
246,1,0,0,1,1,0,closed,aca2_correct,0,1,0
246,1,0,0,1,1,0,closed,gg_correct,0,1,NA
246,1,0,0,1,1,0,closed,dt_correct,1,0,1
247,0,0,1,NA,NA,NA,closed,aca_correct,0,NA,NA
247,0,0,1,NA,NA,NA,closed,aca2_correct,0,NA,0
247,0,0,1,NA,NA,NA,closed,gg_correct,0,NA,NA
247,0,0,1,NA,NA,NA,closed,dt_correct,1,NA,1
248,0,0,1,NA,NA,NA,closed,aca_correct,1,NA,NA
248,0,0,1,NA,NA,NA,closed,aca2_correct,0,NA,0
248,0,0,1,NA,NA,NA,closed,gg_correct,0,NA,NA
248,0,0,1,NA,NA,NA,closed,dt_correct,1,NA,1
251,1,0,0,NA,1,0,closed,aca_correct,0,1,NA
251,1,0,0,NA,1,0,closed,aca2_correct,0,1,0
251,1,0,0,NA,1,0,closed,gg_correct,0,1,NA
251,1,0,0,NA,1,0,closed,dt_correct,1,0,1
252,1,0,0,1,1,0,closed,aca_correct,0,1,NA
252,1,0,0,1,1,0,closed,aca2_correct,0,1,0
252,1,0,0,1,1,0,closed,gg_correct,1,1,NA
252,1,0,0,1,1,0,closed,dt_correct,1,0,1
253,1,0,0,NA,1,0,closed,aca_correct,0,1,NA
253,1,0,0,NA,1,0,closed,aca2_correct,0,1,0
253,1,0,0,NA,1,0,closed,gg_correct,0,1,NA
253,1,0,0,NA,1,0,closed,dt_correct,1,0,1
254,1,0,0,1,1,0,closed,aca_correct,0,1,NA
254,1,0,0,1,1,0,closed,aca2_correct,0,1,0
254,1,0,0,1,1,0,closed,gg_correct,0,1,NA
254,1,0,0,1,1,0,closed,dt_correct,1,0,1
255,1,0,0,NA,1,0,open,aca_correct,0,1,NA
255,1,0,0,NA,1,0,open,aca2_correct,0,1,0
255,1,0,0,NA,1,0,open,gg_correct,0,1,NA
255,1,0,0,NA,1,0,open,dt_correct,1,0,1
257,0,0,1,NA,NA,NA,closed,aca_correct,0,NA,NA
257,0,0,1,NA,NA,NA,closed,aca2_correct,1,NA,1
257,0,0,1,NA,NA,NA,closed,gg_correct,0,NA,NA
257,0,0,1,NA,NA,NA,closed,dt_correct,0,NA,0
258,0,0,1,NA,NA,NA,open,aca_correct,1,NA,NA
258,0,0,1,NA,NA,NA,open,aca2_correct,1,NA,1
258,0,0,1,NA,NA,NA,open,gg_correct,0,NA,NA
258,0,0,1,NA,NA,NA,open,dt_correct,1,NA,1
261,1,0,0,1,1,0,closed,aca_correct,0,1,NA
261,1,0,0,1,1,0,closed,aca2_correct,1,1,1
261,1,0,0,1,1,0,closed,gg_correct,0,1,NA
261,1,0,0,1,1,0,closed,dt_correct,0,0,0
263,1,0,0,NA,1,0,open,aca_correct,0,1,NA
263,1,0,0,NA,1,0,open,aca2_correct,0,1,0
263,1,0,0,NA,1,0,open,gg_correct,0,1,NA
263,1,0,0,NA,1,0,open,dt_correct,1,0,1
265,1,0,0,NA,1,0,open,aca_correct,0,1,NA
265,1,0,0,NA,1,0,open,aca2_correct,0,1,0
265,1,0,0,NA,1,0,open,gg_correct,0,1,NA
265,1,0,0,NA,1,0,open,dt_correct,1,0,1
266,1,0,0,NA,1,0,closed,aca_correct,1,1,NA
266,1,0,0,NA,1,0,closed,aca2_correct,1,1,1
266,1,0,0,NA,1,0,closed,gg_correct,0,1,NA
266,1,0,0,NA,1,0,closed,dt_correct,0,0,0
267,0,1,0,0,0,1,closed,aca_correct,0,0,NA
267,0,1,0,0,0,1,closed,aca2_correct,0,0,0
267,0,1,0,0,0,1,closed,gg_correct,0,0,NA
267,0,1,0,0,0,1,closed,dt_correct,1,1,1
271,NA,NA,NA,NA,0,1,closed,aca_correct,0,0,NA
271,NA,NA,NA,NA,0,1,closed,aca2_correct,0,0,0
271,NA,NA,NA,NA,0,1,closed,gg_correct,0,0,NA
271,NA,NA,NA,NA,0,1,closed,dt_correct,1,1,1
273,1,0,0,1,1,0,open,aca_correct,1,1,NA
273,1,0,0,1,1,0,open,aca2_correct,1,1,1
273,1,0,0,1,1,0,open,gg_correct,0,1,NA
273,1,0,0,1,1,0,open,dt_correct,1,0,1
276,1,0,0,1,1,0,closed,aca_correct,0,1,NA
276,1,0,0,1,1,0,closed,aca2_correct,1,1,1
276,1,0,0,1,1,0,closed,gg_correct,0,1,NA
276,1,0,0,1,1,0,closed,dt_correct,1,0,1
278,0,0,1,NA,NA,NA,closed,aca_correct,0,NA,NA
278,0,0,1,NA,NA,NA,closed,aca2_correct,0,NA,0
278,0,0,1,NA,NA,NA,closed,gg_correct,0,NA,NA
278,0,0,1,NA,NA,NA,closed,dt_correct,0,NA,0
281,1,0,0,1,1,0,closed,aca_correct,0,1,NA
281,1,0,0,1,1,0,closed,aca2_correct,0,1,0
281,1,0,0,1,1,0,closed,gg_correct,0,1,NA
281,1,0,0,1,1,0,closed,dt_correct,1,0,1
284,1,0,0,1,1,0,closed,aca_correct,1,1,NA
284,1,0,0,1,1,0,closed,aca2_correct,0,1,0
284,1,0,0,1,1,0,closed,gg_correct,0,1,NA
284,1,0,0,1,1,0,closed,dt_correct,1,0,1
285,1,0,0,1,1,0,closed,aca_correct,0,1,NA
285,1,0,0,1,1,0,closed,aca2_correct,0,1,0
285,1,0,0,1,1,0,closed,gg_correct,0,1,NA
285,1,0,0,1,1,0,closed,dt_correct,0,0,0
287,1,0,0,1,1,0,closed,aca_correct,0,1,NA
287,1,0,0,1,1,0,closed,aca2_correct,1,1,1
287,1,0,0,1,1,0,closed,gg_correct,0,1,NA
287,1,0,0,1,1,0,closed,dt_correct,1,0,1
288,1,0,0,1,1,0,closed,aca_correct,0,1,NA
288,1,0,0,1,1,0,closed,aca2_correct,0,1,0
288,1,0,0,1,1,0,closed,gg_correct,0,1,NA
288,1,0,0,1,1,0,closed,dt_correct,1,0,1
290,0,0,1,NA,NA,NA,closed,aca_correct,0,NA,NA
290,0,0,1,NA,NA,NA,closed,aca2_correct,0,NA,0
290,0,0,1,NA,NA,NA,closed,gg_correct,0,NA,NA
290,0,0,1,NA,NA,NA,closed,dt_correct,0,NA,0
291,0,0,1,NA,NA,NA,closed,aca_correct,0,NA,NA
291,0,0,1,NA,NA,NA,closed,aca2_correct,0,NA,0
291,0,0,1,NA,NA,NA,closed,gg_correct,0,NA,NA
291,0,0,1,NA,NA,NA,closed,dt_correct,0,NA,0
292,0,0,1,NA,NA,NA,closed,aca_correct,1,NA,NA
292,0,0,1,NA,NA,NA,closed,aca2_correct,1,NA,1
292,0,0,1,NA,NA,NA,closed,gg_correct,1,NA,NA
292,0,0,1,NA,NA,NA,closed,dt_correct,1,NA,1
299,1,0,0,1,1,0,closed,aca_correct,1,1,NA
299,1,0,0,1,1,0,closed,aca2_correct,0,1,0
299,1,0,0,1,1,0,closed,gg_correct,0,1,NA
299,1,0,0,1,1,0,closed,dt_correct,1,0,1
301,0,1,0,0,0,1,open,aca_correct,0,0,NA
301,0,1,0,0,0,1,open,aca2_correct,0,0,0
301,0,1,0,0,0,1,open,gg_correct,0,0,NA
301,0,1,0,0,0,1,open,dt_correct,1,1,1
304,1,0,0,1,1,0,closed,aca_correct,0,1,NA
304,1,0,0,1,1,0,closed,aca2_correct,1,1,1
304,1,0,0,1,1,0,closed,gg_correct,1,1,NA
304,1,0,0,1,1,0,closed,dt_correct,1,0,1
307,1,0,0,1,1,0,closed,aca_correct,0,1,NA
307,1,0,0,1,1,0,closed,aca2_correct,0,1,0
307,1,0,0,1,1,0,closed,gg_correct,0,1,NA
307,1,0,0,1,1,0,closed,dt_correct,1,0,1
308,1,0,0,1,1,0,open,aca_correct,0,1,NA
308,1,0,0,1,1,0,open,aca2_correct,1,1,1
308,1,0,0,1,1,0,open,gg_correct,0,1,NA
308,1,0,0,1,1,0,open,dt_correct,1,0,1
309,0,1,0,0,0,1,closed,aca_correct,1,0,NA
309,0,1,0,0,0,1,closed,aca2_correct,0,0,0
309,0,1,0,0,0,1,closed,gg_correct,0,0,NA
309,0,1,0,0,0,1,closed,dt_correct,1,1,1
310,0,0,1,NA,0,0,closed,aca_correct,0,0,NA
310,0,0,1,NA,0,0,closed,aca2_correct,0,0,0
310,0,0,1,NA,0,0,closed,gg_correct,1,0,NA
310,0,0,1,NA,0,0,closed,dt_correct,1,1,1
313,0,1,0,0,0,1,open,aca_correct,0,0,NA
313,0,1,0,0,0,1,open,aca2_correct,0,0,0
313,0,1,0,0,0,1,open,gg_correct,0,0,NA
313,0,1,0,0,0,1,open,dt_correct,1,1,1
314,1,0,0,1,1,0,open,aca_correct,0,1,NA
314,1,0,0,1,1,0,open,aca2_correct,0,1,0
314,1,0,0,1,1,0,open,gg_correct,0,1,NA
314,1,0,0,1,1,0,open,dt_correct,1,0,1
316,0,1,0,0,0,1,closed,aca_correct,0,0,NA
316,0,1,0,0,0,1,closed,aca2_correct,1,0,1
316,0,1,0,0,0,1,closed,gg_correct,0,0,NA
316,0,1,0,0,0,1,closed,dt_correct,1,1,1
319,1,0,0,1,1,0,open,aca_correct,0,1,NA
319,1,0,0,1,1,0,open,aca2_correct,0,1,0
319,1,0,0,1,1,0,open,gg_correct,0,1,NA
319,1,0,0,1,1,0,open,dt_correct,0,0,0
324,1,0,0,1,1,0,closed,aca_correct,0,1,NA
324,1,0,0,1,1,0,closed,aca2_correct,0,1,0
324,1,0,0,1,1,0,closed,gg_correct,0,1,NA
324,1,0,0,1,1,0,closed,dt_correct,1,0,1
326,1,0,0,1,1,0,closed,aca_correct,0,1,NA
326,1,0,0,1,1,0,closed,aca2_correct,0,1,0
326,1,0,0,1,1,0,closed,gg_correct,0,1,NA
326,1,0,0,1,1,0,closed,dt_correct,1,0,1
327,0,0,1,NA,NA,NA,closed,aca_correct,0,NA,NA
327,0,0,1,NA,NA,NA,closed,aca2_correct,0,NA,0
327,0,0,1,NA,NA,NA,closed,gg_correct,1,NA,NA
327,0,0,1,NA,NA,NA,closed,dt_correct,1,NA,1
328,0,1,0,0,0,1,closed,aca_correct,0,0,NA
328,0,1,0,0,0,1,closed,aca2_correct,0,0,0
328,0,1,0,0,0,1,closed,gg_correct,0,0,NA
328,0,1,0,0,0,1,closed,dt_correct,1,1,1
329,1,0,0,1,1,0,closed,aca_correct,0,1,NA
329,1,0,0,1,1,0,closed,aca2_correct,0,1,0
329,1,0,0,1,1,0,closed,gg_correct,0,1,NA
329,1,0,0,1,1,0,closed,dt_correct,1,0,1
330,1,0,0,1,1,0,closed,aca_correct,0,1,NA
330,1,0,0,1,1,0,closed,aca2_correct,1,1,1
330,1,0,0,1,1,0,closed,gg_correct,1,1,NA
330,1,0,0,1,1,0,closed,dt_correct,0,0,0
331,0,1,0,0,0,1,open,aca_correct,0,0,NA
331,0,1,0,0,0,1,open,aca2_correct,1,0,1
331,0,1,0,0,0,1,open,gg_correct,0,0,NA
331,0,1,0,0,0,1,open,dt_correct,1,1,1
335,1,0,0,1,1,0,open,aca_correct,0,1,NA
335,1,0,0,1,1,0,open,aca2_correct,0,1,0
335,1,0,0,1,1,0,open,gg_correct,0,1,NA
335,1,0,0,1,1,0,open,dt_correct,1,0,1
336,1,0,0,NA,1,0,closed,aca_correct,0,1,NA
336,1,0,0,NA,1,0,closed,aca2_correct,0,1,0
336,1,0,0,NA,1,0,closed,gg_correct,0,1,NA
336,1,0,0,NA,1,0,closed,dt_correct,1,0,1
337,0,1,0,0,0,1,closed,aca_correct,0,0,NA
337,0,1,0,0,0,1,closed,aca2_correct,0,0,0
337,0,1,0,0,0,1,closed,gg_correct,1,0,NA
337,0,1,0,0,0,1,closed,dt_correct,1,1,1
340,1,0,0,1,1,0,closed,aca_correct,0,1,NA
340,1,0,0,1,1,0,closed,aca2_correct,1,1,1
340,1,0,0,1,1,0,closed,gg_correct,0,1,NA
340,1,0,0,1,1,0,closed,dt_correct,1,0,1
342,1,0,0,NA,1,0,closed,aca_correct,0,1,NA
342,1,0,0,NA,1,0,closed,aca2_correct,0,1,0
342,1,0,0,NA,1,0,closed,gg_correct,0,1,NA
342,1,0,0,NA,1,0,closed,dt_correct,1,0,1
345,0,1,0,0,0,1,closed,aca_correct,0,0,NA
345,0,1,0,0,0,1,closed,aca2_correct,0,0,0
345,0,1,0,0,0,1,closed,gg_correct,0,0,NA
345,0,1,0,0,0,1,closed,dt_correct,1,1,1
346,1,0,0,NA,1,0,closed,aca_correct,0,1,NA
346,1,0,0,NA,1,0,closed,aca2_correct,0,1,0
346,1,0,0,NA,1,0,closed,gg_correct,1,1,NA
346,1,0,0,NA,1,0,closed,dt_correct,1,0,1
347,1,0,0,1,1,0,closed,aca_correct,0,1,NA
347,1,0,0,1,1,0,closed,aca2_correct,0,1,0
347,1,0,0,1,1,0,closed,gg_correct,0,1,NA
347,1,0,0,1,1,0,closed,dt_correct,0,0,0
349,1,0,0,1,1,0,closed,aca_correct,0,1,NA
349,1,0,0,1,1,0,closed,aca2_correct,1,1,1
349,1,0,0,1,1,0,closed,gg_correct,0,1,NA
349,1,0,0,1,1,0,closed,dt_correct,1,0,1
350,0,0,1,NA,0,0,closed,aca_correct,0,0,NA
350,0,0,1,NA,0,0,closed,aca2_correct,0,0,0
350,0,0,1,NA,0,0,closed,gg_correct,0,0,NA
350,0,0,1,NA,0,0,closed,dt_correct,1,1,1
352,0,1,0,0,0,1,closed,aca_correct,0,0,NA
352,0,1,0,0,0,1,closed,aca2_correct,0,0,0
352,0,1,0,0,0,1,closed,gg_correct,0,0,NA
352,0,1,0,0,0,1,closed,dt_correct,1,1,1
353,0,1,0,0,0,1,closed,aca_correct,0,0,NA
353,0,1,0,0,0,1,closed,aca2_correct,0,0,0
353,0,1,0,0,0,1,closed,gg_correct,0,0,NA
353,0,1,0,0,0,1,closed,dt_correct,1,1,1
355,1,0,0,1,1,0,open,aca_correct,0,1,NA
355,1,0,0,1,1,0,open,aca2_correct,0,1,0
355,1,0,0,1,1,0,open,gg_correct,0,1,NA
355,1,0,0,1,1,0,open,dt_correct,1,0,1
356,0,0,1,NA,0,0,open,aca_correct,0,0,NA
356,0,0,1,NA,0,0,open,aca2_correct,1,0,1
356,0,0,1,NA,0,0,open,gg_correct,0,0,NA
356,0,0,1,NA,0,0,open,dt_correct,1,1,1
358,1,0,0,1,1,0,closed,aca_correct,0,1,NA
358,1,0,0,1,1,0,closed,aca2_correct,0,1,0
358,1,0,0,1,1,0,closed,gg_correct,0,1,NA
358,1,0,0,1,1,0,closed,dt_correct,1,0,1
359,0,1,0,0,0,1,closed,aca_correct,0,0,NA
359,0,1,0,0,0,1,closed,aca2_correct,0,0,0
359,0,1,0,0,0,1,closed,gg_correct,0,0,NA
359,0,1,0,0,0,1,closed,dt_correct,1,1,1
360,1,0,0,1,1,0,open,aca_correct,1,1,NA
360,1,0,0,1,1,0,open,aca2_correct,1,1,1
360,1,0,0,1,1,0,open,gg_correct,1,1,NA
360,1,0,0,1,1,0,open,dt_correct,1,0,1
361,1,0,0,1,1,0,open,aca_correct,1,1,NA
361,1,0,0,1,1,0,open,aca2_correct,0,1,0
361,1,0,0,1,1,0,open,gg_correct,0,1,NA
361,1,0,0,1,1,0,open,dt_correct,0,0,0
365,1,0,0,1,1,0,open,aca_correct,0,1,NA
365,1,0,0,1,1,0,open,aca2_correct,0,1,0
365,1,0,0,1,1,0,open,gg_correct,0,1,NA
365,1,0,0,1,1,0,open,dt_correct,1,0,1
370,1,0,0,1,1,0,closed,aca_correct,0,1,NA
370,1,0,0,1,1,0,closed,aca2_correct,0,1,0
370,1,0,0,1,1,0,closed,gg_correct,0,1,NA
370,1,0,0,1,1,0,closed,dt_correct,1,0,1
371,NA,NA,NA,NA,0,1,closed,aca_correct,0,0,NA
371,NA,NA,NA,NA,0,1,closed,aca2_correct,0,0,0
371,NA,NA,NA,NA,0,1,closed,gg_correct,0,0,NA
371,NA,NA,NA,NA,0,1,closed,dt_correct,1,1,1
372,1,0,0,NA,1,0,closed,aca_correct,0,1,NA
372,1,0,0,NA,1,0,closed,aca2_correct,0,1,0
372,1,0,0,NA,1,0,closed,gg_correct,0,1,NA
372,1,0,0,NA,1,0,closed,dt_correct,1,0,1
374,0,0,1,NA,NA,NA,open,aca_correct,0,NA,NA
374,0,0,1,NA,NA,NA,open,aca2_correct,0,NA,0
374,0,0,1,NA,NA,NA,open,gg_correct,0,NA,NA
374,0,0,1,NA,NA,NA,open,dt_correct,1,NA,1
375,1,0,0,NA,1,0,open,aca_correct,0,1,NA
375,1,0,0,NA,1,0,open,aca2_correct,0,1,0
375,1,0,0,NA,1,0,open,gg_correct,0,1,NA
375,1,0,0,NA,1,0,open,dt_correct,1,0,1
379,1,0,0,NA,1,0,closed,aca_correct,1,1,NA
379,1,0,0,NA,1,0,closed,aca2_correct,1,1,1
379,1,0,0,NA,1,0,closed,gg_correct,1,1,NA
379,1,0,0,NA,1,0,closed,dt_correct,1,0,1
381,1,0,0,1,1,0,closed,aca_correct,0,1,NA
381,1,0,0,1,1,0,closed,aca2_correct,0,1,0
381,1,0,0,1,1,0,closed,gg_correct,1,1,NA
381,1,0,0,1,1,0,closed,dt_correct,1,0,1
385,1,0,0,1,1,0,open,aca_correct,0,1,NA
385,1,0,0,1,1,0,open,aca2_correct,0,1,0
385,1,0,0,1,1,0,open,gg_correct,0,1,NA
385,1,0,0,1,1,0,open,dt_correct,1,0,1
386,1,0,0,1,1,0,closed,aca_correct,1,1,NA
386,1,0,0,1,1,0,closed,aca2_correct,0,1,0
386,1,0,0,1,1,0,closed,gg_correct,0,1,NA
386,1,0,0,1,1,0,closed,dt_correct,0,0,0
387,0,0,1,NA,NA,NA,closed,aca_correct,0,NA,NA
387,0,0,1,NA,NA,NA,closed,aca2_correct,1,NA,1
387,0,0,1,NA,NA,NA,closed,gg_correct,1,NA,NA
387,0,0,1,NA,NA,NA,closed,dt_correct,1,NA,1
394,0,0,1,NA,NA,NA,closed,aca_correct,0,NA,NA
394,0,0,1,NA,NA,NA,closed,aca2_correct,0,NA,0
394,0,0,1,NA,NA,NA,closed,gg_correct,0,NA,NA
394,0,0,1,NA,NA,NA,closed,dt_correct,0,NA,0
395,0,1,0,0,0,1,closed,aca_correct,0,0,NA
395,0,1,0,0,0,1,closed,aca2_correct,0,0,0
395,0,1,0,0,0,1,closed,gg_correct,0,0,NA
395,0,1,0,0,0,1,closed,dt_correct,1,1,1
398,1,0,0,1,1,0,open,aca_correct,0,1,NA
398,1,0,0,1,1,0,open,aca2_correct,0,1,0
398,1,0,0,1,1,0,open,gg_correct,1,1,NA
398,1,0,0,1,1,0,open,dt_correct,1,0,1
399,1,0,0,NA,1,0,closed,aca_correct,0,1,NA
399,1,0,0,NA,1,0,closed,aca2_correct,0,1,0
399,1,0,0,NA,1,0,closed,gg_correct,0,1,NA
399,1,0,0,NA,1,0,closed,dt_correct,0,0,0
400,1,0,0,1,1,0,closed,aca_correct,0,1,NA
400,1,0,0,1,1,0,closed,aca2_correct,0,1,0
400,1,0,0,1,1,0,closed,gg_correct,0,1,NA
400,1,0,0,1,1,0,closed,dt_correct,1,0,1
401,1,0,0,NA,1,0,closed,aca_correct,0,1,NA
401,1,0,0,NA,1,0,closed,aca2_correct,1,1,1
401,1,0,0,NA,1,0,closed,gg_correct,0,1,NA
401,1,0,0,NA,1,0,closed,dt_correct,1,0,1
402,1,0,0,1,1,0,closed,aca_correct,0,1,NA
402,1,0,0,1,1,0,closed,aca2_correct,0,1,0
402,1,0,0,1,1,0,closed,gg_correct,0,1,NA
402,1,0,0,1,1,0,closed,dt_correct,1,0,1
405,1,0,0,NA,1,0,closed,aca_correct,0,1,NA
405,1,0,0,NA,1,0,closed,aca2_correct,0,1,0
405,1,0,0,NA,1,0,closed,gg_correct,0,1,NA
405,1,0,0,NA,1,0,closed,dt_correct,1,0,1
408,1,0,0,NA,1,0,closed,aca_correct,0,1,NA
408,1,0,0,NA,1,0,closed,aca2_correct,1,1,1
408,1,0,0,NA,1,0,closed,gg_correct,1,1,NA
408,1,0,0,NA,1,0,closed,dt_correct,1,0,1
409,1,0,0,1,1,0,open,aca_correct,0,1,NA
409,1,0,0,1,1,0,open,aca2_correct,0,1,0
409,1,0,0,1,1,0,open,gg_correct,0,1,NA
409,1,0,0,1,1,0,open,dt_correct,1,0,1
411,0,0,1,NA,NA,NA,closed,aca_correct,0,NA,NA
411,0,0,1,NA,NA,NA,closed,aca2_correct,0,NA,0
411,0,0,1,NA,NA,NA,closed,gg_correct,0,NA,NA
411,0,0,1,NA,NA,NA,closed,dt_correct,1,NA,1
412,1,0,0,NA,1,0,closed,aca_correct,0,1,NA
412,1,0,0,NA,1,0,closed,aca2_correct,0,1,0
412,1,0,0,NA,1,0,closed,gg_correct,0,1,NA
412,1,0,0,NA,1,0,closed,dt_correct,1,0,1
414,0,1,0,0,0,1,closed,aca_correct,0,0,NA
414,0,1,0,0,0,1,closed,aca2_correct,0,0,0
414,0,1,0,0,0,1,closed,gg_correct,1,0,NA
414,0,1,0,0,0,1,closed,dt_correct,1,1,1
416,1,0,0,NA,1,0,closed,aca_correct,0,1,NA
416,1,0,0,NA,1,0,closed,aca2_correct,1,1,1
416,1,0,0,NA,1,0,closed,gg_correct,0,1,NA
416,1,0,0,NA,1,0,closed,dt_correct,1,0,1
418,1,0,0,1,1,0,closed,aca_correct,0,1,NA
418,1,0,0,1,1,0,closed,aca2_correct,0,1,0
418,1,0,0,1,1,0,closed,gg_correct,0,1,NA
418,1,0,0,1,1,0,closed,dt_correct,1,0,1
420,NA,NA,NA,NA,0,1,closed,aca_correct,0,0,NA
420,NA,NA,NA,NA,0,1,closed,aca2_correct,0,0,0
420,NA,NA,NA,NA,0,1,closed,gg_correct,1,0,NA
420,NA,NA,NA,NA,0,1,closed,dt_correct,1,1,1
421,1,0,0,1,1,0,open,aca_correct,0,1,NA
421,1,0,0,1,1,0,open,aca2_correct,0,1,0
421,1,0,0,1,1,0,open,gg_correct,0,1,NA
421,1,0,0,1,1,0,open,dt_correct,1,0,1
423,1,0,0,1,1,0,closed,aca_correct,0,1,NA
423,1,0,0,1,1,0,closed,aca2_correct,0,1,0
423,1,0,0,1,1,0,closed,gg_correct,0,1,NA
423,1,0,0,1,1,0,closed,dt_correct,1,0,1
426,0,1,0,0,0,1,closed,aca_correct,1,0,NA
426,0,1,0,0,0,1,closed,aca2_correct,1,0,1
426,0,1,0,0,0,1,closed,gg_correct,1,0,NA
426,0,1,0,0,0,1,closed,dt_correct,1,1,1
427,1,0,0,NA,1,0,open,aca_correct,0,1,NA
427,1,0,0,NA,1,0,open,aca2_correct,0,1,0
427,1,0,0,NA,1,0,open,gg_correct,0,1,NA
427,1,0,0,NA,1,0,open,dt_correct,1,0,1
428,0,1,0,0,0,1,closed,aca_correct,0,0,NA
428,0,1,0,0,0,1,closed,aca2_correct,0,0,0
428,0,1,0,0,0,1,closed,gg_correct,0,0,NA
428,0,1,0,0,0,1,closed,dt_correct,1,1,1
432,0,0,1,NA,0,0,open,aca_correct,0,0,NA
432,0,0,1,NA,0,0,open,aca2_correct,0,0,0
432,0,0,1,NA,0,0,open,gg_correct,0,0,NA
432,0,0,1,NA,0,0,open,dt_correct,1,1,1
434,1,0,0,1,1,0,closed,aca_correct,0,1,NA
434,1,0,0,1,1,0,closed,aca2_correct,0,1,0
434,1,0,0,1,1,0,closed,gg_correct,0,1,NA
434,1,0,0,1,1,0,closed,dt_correct,1,0,1
436,1,0,0,1,1,0,closed,aca_correct,0,1,NA
436,1,0,0,1,1,0,closed,aca2_correct,1,1,1
436,1,0,0,1,1,0,closed,gg_correct,1,1,NA
436,1,0,0,1,1,0,closed,dt_correct,0,0,0
438,NA,NA,NA,NA,0,1,open,aca_correct,0,0,NA
438,NA,NA,NA,NA,0,1,open,aca2_correct,1,0,1
438,NA,NA,NA,NA,0,1,open,gg_correct,1,0,NA
438,NA,NA,NA,NA,0,1,open,dt_correct,1,1,1
441,1,0,0,1,1,0,closed,aca_correct,1,1,NA
441,1,0,0,1,1,0,closed,aca2_correct,0,1,0
441,1,0,0,1,1,0,closed,gg_correct,0,1,NA
441,1,0,0,1,1,0,closed,dt_correct,1,0,1
444,1,0,0,1,1,0,closed,aca_correct,0,1,NA
444,1,0,0,1,1,0,closed,aca2_correct,0,1,0
444,1,0,0,1,1,0,closed,gg_correct,0,1,NA
444,1,0,0,1,1,0,closed,dt_correct,1,0,1
445,1,0,0,1,1,0,closed,aca_correct,0,1,NA
445,1,0,0,1,1,0,closed,aca2_correct,0,1,0
445,1,0,0,1,1,0,closed,gg_correct,0,1,NA
445,1,0,0,1,1,0,closed,dt_correct,0,0,0
449,0,1,0,0,0,1,closed,aca_correct,0,0,NA
449,0,1,0,0,0,1,closed,aca2_correct,1,0,1
449,0,1,0,0,0,1,closed,gg_correct,0,0,NA
449,0,1,0,0,0,1,closed,dt_correct,1,1,1
451,1,0,0,1,1,0,open,aca_correct,0,1,NA
451,1,0,0,1,1,0,open,aca2_correct,1,1,1
451,1,0,0,1,1,0,open,gg_correct,0,1,NA
451,1,0,0,1,1,0,open,dt_correct,0,0,0
453,0,0,1,NA,NA,NA,open,aca_correct,0,NA,NA
453,0,0,1,NA,NA,NA,open,aca2_correct,0,NA,0
453,0,0,1,NA,NA,NA,open,gg_correct,0,NA,NA
453,0,0,1,NA,NA,NA,open,dt_correct,1,NA,1
455,NA,NA,NA,NA,0,1,closed,aca_correct,0,0,NA
455,NA,NA,NA,NA,0,1,closed,aca2_correct,0,0,0
455,NA,NA,NA,NA,0,1,closed,gg_correct,0,0,NA
455,NA,NA,NA,NA,0,1,closed,dt_correct,1,1,1
456,0,1,0,0,0,1,closed,aca_correct,1,0,NA
456,0,1,0,0,0,1,closed,aca2_correct,0,0,0
456,0,1,0,0,0,1,closed,gg_correct,0,0,NA
456,0,1,0,0,0,1,closed,dt_correct,1,1,1
457,0,1,0,0,0,1,closed,aca_correct,0,0,NA
457,0,1,0,0,0,1,closed,aca2_correct,0,0,0
457,0,1,0,0,0,1,closed,gg_correct,0,0,NA
457,0,1,0,0,0,1,closed,dt_correct,1,1,1
458,NA,NA,NA,NA,0,1,closed,aca_correct,0,0,NA
458,NA,NA,NA,NA,0,1,closed,aca2_correct,0,0,0
458,NA,NA,NA,NA,0,1,closed,gg_correct,0,0,NA
458,NA,NA,NA,NA,0,1,closed,dt_correct,1,1,1
459,1,0,0,1,1,0,open,aca_correct,0,1,NA
459,1,0,0,1,1,0,open,aca2_correct,0,1,0
459,1,0,0,1,1,0,open,gg_correct,0,1,NA
459,1,0,0,1,1,0,open,dt_correct,1,0,1
460,0,1,0,0,0,1,closed,aca_correct,0,0,NA
460,0,1,0,0,0,1,closed,aca2_correct,0,0,0
460,0,1,0,0,0,1,closed,gg_correct,1,0,NA
460,0,1,0,0,0,1,closed,dt_correct,0,1,0
461,1,0,0,1,1,0,closed,aca_correct,0,1,NA
461,1,0,0,1,1,0,closed,aca2_correct,0,1,0
461,1,0,0,1,1,0,closed,gg_correct,0,1,NA
461,1,0,0,1,1,0,closed,dt_correct,1,0,1
464,0,1,0,0,0,1,closed,aca_correct,0,0,NA
464,0,1,0,0,0,1,closed,aca2_correct,0,0,0
464,0,1,0,0,0,1,closed,gg_correct,0,0,NA
464,0,1,0,0,0,1,closed,dt_correct,0,1,0
466,1,0,0,NA,1,0,closed,aca_correct,0,1,NA
466,1,0,0,NA,1,0,closed,aca2_correct,0,1,0
466,1,0,0,NA,1,0,closed,gg_correct,0,1,NA
466,1,0,0,NA,1,0,closed,dt_correct,1,0,1
469,0,1,0,0,0,1,closed,aca_correct,0,0,NA
469,0,1,0,0,0,1,closed,aca2_correct,0,0,0
469,0,1,0,0,0,1,closed,gg_correct,0,0,NA
469,0,1,0,0,0,1,closed,dt_correct,1,1,1
471,1,0,0,NA,1,0,open,aca_correct,0,1,NA
471,1,0,0,NA,1,0,open,aca2_correct,0,1,0
471,1,0,0,NA,1,0,open,gg_correct,0,1,NA
471,1,0,0,NA,1,0,open,dt_correct,0,0,0
473,1,0,0,1,1,0,open,aca_correct,0,1,NA
473,1,0,0,1,1,0,open,aca2_correct,0,1,0
473,1,0,0,1,1,0,open,gg_correct,1,1,NA
473,1,0,0,1,1,0,open,dt_correct,1,0,1
474,0,0,1,NA,NA,NA,open,aca_correct,0,NA,NA
474,0,0,1,NA,NA,NA,open,aca2_correct,1,NA,1
474,0,0,1,NA,NA,NA,open,gg_correct,0,NA,NA
474,0,0,1,NA,NA,NA,open,dt_correct,1,NA,1
477,1,0,0,1,1,0,closed,aca_correct,0,1,NA
477,1,0,0,1,1,0,closed,aca2_correct,0,1,0
477,1,0,0,1,1,0,closed,gg_correct,0,1,NA
477,1,0,0,1,1,0,closed,dt_correct,0,0,0
479,1,0,0,NA,1,0,closed,aca_correct,0,1,NA
479,1,0,0,NA,1,0,closed,aca2_correct,0,1,0
479,1,0,0,NA,1,0,closed,gg_correct,1,1,NA
479,1,0,0,NA,1,0,closed,dt_correct,0,0,0
481,1,0,0,1,1,0,closed,aca_correct,1,1,NA
481,1,0,0,1,1,0,closed,aca2_correct,0,1,0
481,1,0,0,1,1,0,closed,gg_correct,0,1,NA
481,1,0,0,1,1,0,closed,dt_correct,1,0,1
483,1,0,0,NA,1,0,open,aca_correct,1,1,NA
483,1,0,0,NA,1,0,open,aca2_correct,0,1,0
483,1,0,0,NA,1,0,open,gg_correct,1,1,NA
483,1,0,0,NA,1,0,open,dt_correct,0,0,0
484,1,0,0,NA,1,0,closed,aca_correct,0,1,NA
484,1,0,0,NA,1,0,closed,aca2_correct,0,1,0
484,1,0,0,NA,1,0,closed,gg_correct,0,1,NA
484,1,0,0,NA,1,0,closed,dt_correct,0,0,0
486,1,0,0,1,1,0,closed,aca_correct,1,1,NA
486,1,0,0,1,1,0,closed,aca2_correct,1,1,1
486,1,0,0,1,1,0,closed,gg_correct,0,1,NA
486,1,0,0,1,1,0,closed,dt_correct,1,0,1
488,0,0,1,NA,NA,NA,closed,aca_correct,0,NA,NA
488,0,0,1,NA,NA,NA,closed,aca2_correct,0,NA,0
488,0,0,1,NA,NA,NA,closed,gg_correct,0,NA,NA
488,0,0,1,NA,NA,NA,closed,dt_correct,1,NA,1
489,1,0,0,1,1,0,closed,aca_correct,0,1,NA
489,1,0,0,1,1,0,closed,aca2_correct,0,1,0
489,1,0,0,1,1,0,closed,gg_correct,0,1,NA
489,1,0,0,1,1,0,closed,dt_correct,0,0,0
490,0,1,0,0,0,1,closed,aca_correct,0,0,NA
490,0,1,0,0,0,1,closed,aca2_correct,0,0,0
490,0,1,0,0,0,1,closed,gg_correct,1,0,NA
490,0,1,0,0,0,1,closed,dt_correct,1,1,1
491,0,0,1,NA,NA,NA,open,aca_correct,0,NA,NA
491,0,0,1,NA,NA,NA,open,aca2_correct,0,NA,0
491,0,0,1,NA,NA,NA,open,gg_correct,0,NA,NA
491,0,0,1,NA,NA,NA,open,dt_correct,1,NA,1
494,1,0,0,1,1,0,closed,aca_correct,1,1,NA
494,1,0,0,1,1,0,closed,aca2_correct,1,1,1
494,1,0,0,1,1,0,closed,gg_correct,0,1,NA
494,1,0,0,1,1,0,closed,dt_correct,1,0,1
496,0,1,0,0,0,1,closed,aca_correct,0,0,NA
496,0,1,0,0,0,1,closed,aca2_correct,0,0,0
496,0,1,0,0,0,1,closed,gg_correct,0,0,NA
496,0,1,0,0,0,1,closed,dt_correct,0,1,0
497,1,0,0,1,1,0,open,aca_correct,0,1,NA
497,1,0,0,1,1,0,open,aca2_correct,0,1,0
497,1,0,0,1,1,0,open,gg_correct,0,1,NA
497,1,0,0,1,1,0,open,dt_correct,1,0,1
498,1,0,0,1,1,0,closed,aca_correct,0,1,NA
498,1,0,0,1,1,0,closed,aca2_correct,0,1,0
498,1,0,0,1,1,0,closed,gg_correct,0,1,NA
498,1,0,0,1,1,0,closed,dt_correct,1,0,1
499,NA,NA,NA,NA,0,1,closed,aca_correct,0,0,NA
499,NA,NA,NA,NA,0,1,closed,aca2_correct,0,0,0
499,NA,NA,NA,NA,0,1,closed,gg_correct,0,0,NA
499,NA,NA,NA,NA,0,1,closed,dt_correct,1,1,1
501,1,0,0,NA,1,0,closed,aca_correct,0,1,NA
501,1,0,0,NA,1,0,closed,aca2_correct,0,1,0
501,1,0,0,NA,1,0,closed,gg_correct,0,1,NA
501,1,0,0,NA,1,0,closed,dt_correct,1,0,1
504,0,1,0,0,0,1,closed,aca_correct,0,0,NA
504,0,1,0,0,0,1,closed,aca2_correct,0,0,0
504,0,1,0,0,0,1,closed,gg_correct,0,0,NA
504,0,1,0,0,0,1,closed,dt_correct,1,1,1
507,1,0,0,1,1,0,closed,aca_correct,0,1,NA
507,1,0,0,1,1,0,closed,aca2_correct,0,1,0
507,1,0,0,1,1,0,closed,gg_correct,0,1,NA
507,1,0,0,1,1,0,closed,dt_correct,1,0,1
509,1,0,0,1,1,0,closed,aca_correct,1,1,NA
509,1,0,0,1,1,0,closed,aca2_correct,1,1,1
509,1,0,0,1,1,0,closed,gg_correct,1,1,NA
509,1,0,0,1,1,0,closed,dt_correct,1,0,1
510,1,0,0,1,1,0,closed,aca_correct,0,1,NA
510,1,0,0,1,1,0,closed,aca2_correct,0,1,0
510,1,0,0,1,1,0,closed,gg_correct,1,1,NA
510,1,0,0,1,1,0,closed,dt_correct,1,0,1
511,1,0,0,1,1,0,closed,aca_correct,0,1,NA
511,1,0,0,1,1,0,closed,aca2_correct,1,1,1
511,1,0,0,1,1,0,closed,gg_correct,0,1,NA
511,1,0,0,1,1,0,closed,dt_correct,1,0,1
512,0,1,0,0,0,1,closed,aca_correct,0,0,NA
512,0,1,0,0,0,1,closed,aca2_correct,0,0,0
512,0,1,0,0,0,1,closed,gg_correct,0,0,NA
512,0,1,0,0,0,1,closed,dt_correct,0,1,0
515,NA,NA,NA,NA,0,1,closed,aca_correct,0,0,NA
515,NA,NA,NA,NA,0,1,closed,aca2_correct,0,0,0
515,NA,NA,NA,NA,0,1,closed,gg_correct,0,0,NA
515,NA,NA,NA,NA,0,1,closed,dt_correct,1,1,1
516,0,1,0,0,0,1,closed,aca_correct,0,0,NA
516,0,1,0,0,0,1,closed,aca2_correct,0,0,0
516,0,1,0,0,0,1,closed,gg_correct,0,0,NA
516,0,1,0,0,0,1,closed,dt_correct,1,1,1
518,0,1,0,0,0,1,closed,aca_correct,0,0,NA
518,0,1,0,0,0,1,closed,aca2_correct,0,0,0
518,0,1,0,0,0,1,closed,gg_correct,0,0,NA
518,0,1,0,0,0,1,closed,dt_correct,1,1,1
520,1,0,0,1,1,0,open,aca_correct,0,1,NA
520,1,0,0,1,1,0,open,aca2_correct,0,1,0
520,1,0,0,1,1,0,open,gg_correct,1,1,NA
520,1,0,0,1,1,0,open,dt_correct,1,0,1
521,1,0,0,1,1,0,open,aca_correct,0,1,NA
521,1,0,0,1,1,0,open,aca2_correct,0,1,0
521,1,0,0,1,1,0,open,gg_correct,1,1,NA
521,1,0,0,1,1,0,open,dt_correct,1,0,1
525,1,0,0,1,1,0,open,aca_correct,0,1,NA
525,1,0,0,1,1,0,open,aca2_correct,1,1,1
525,1,0,0,1,1,0,open,gg_correct,0,1,NA
525,1,0,0,1,1,0,open,dt_correct,1,0,1
527,1,0,0,1,1,0,closed,aca_correct,0,1,NA
527,1,0,0,1,1,0,closed,aca2_correct,0,1,0
527,1,0,0,1,1,0,closed,gg_correct,0,1,NA
527,1,0,0,1,1,0,closed,dt_correct,1,0,1
529,0,0,1,NA,NA,NA,closed,aca_correct,0,NA,NA
529,0,0,1,NA,NA,NA,closed,aca2_correct,1,NA,1
529,0,0,1,NA,NA,NA,closed,gg_correct,0,NA,NA
529,0,0,1,NA,NA,NA,closed,dt_correct,1,NA,1
530,0,1,0,0,0,1,closed,aca_correct,0,0,NA
530,0,1,0,0,0,1,closed,aca2_correct,0,0,0
530,0,1,0,0,0,1,closed,gg_correct,0,0,NA
530,0,1,0,0,0,1,closed,dt_correct,1,1,1
531,0,0,1,NA,NA,NA,closed,aca_correct,0,NA,NA
531,0,0,1,NA,NA,NA,closed,aca2_correct,0,NA,0
531,0,0,1,NA,NA,NA,closed,gg_correct,0,NA,NA
531,0,0,1,NA,NA,NA,closed,dt_correct,1,NA,1
533,1,0,0,1,1,0,closed,aca_correct,0,1,NA
533,1,0,0,1,1,0,closed,aca2_correct,0,1,0
533,1,0,0,1,1,0,closed,gg_correct,0,1,NA
533,1,0,0,1,1,0,closed,dt_correct,1,0,1
536,1,0,0,1,1,0,open,aca_correct,1,1,NA
536,1,0,0,1,1,0,open,aca2_correct,1,1,1
536,1,0,0,1,1,0,open,gg_correct,1,1,NA
536,1,0,0,1,1,0,open,dt_correct,1,0,1
537,1,0,0,NA,1,0,open,aca_correct,1,1,NA
537,1,0,0,NA,1,0,open,aca2_correct,0,1,0
537,1,0,0,NA,1,0,open,gg_correct,1,1,NA
537,1,0,0,NA,1,0,open,dt_correct,1,0,1
539,1,0,0,1,1,0,closed,aca_correct,0,1,NA
539,1,0,0,1,1,0,closed,aca2_correct,0,1,0
539,1,0,0,1,1,0,closed,gg_correct,1,1,NA
539,1,0,0,1,1,0,closed,dt_correct,1,0,1
541,1,0,0,1,1,0,open,aca_correct,0,1,NA
541,1,0,0,1,1,0,open,aca2_correct,0,1,0
541,1,0,0,1,1,0,open,gg_correct,1,1,NA
541,1,0,0,1,1,0,open,dt_correct,1,0,1
542,1,0,0,NA,1,0,open,aca_correct,0,1,NA
542,1,0,0,NA,1,0,open,aca2_correct,0,1,0
542,1,0,0,NA,1,0,open,gg_correct,1,1,NA
542,1,0,0,NA,1,0,open,dt_correct,1,0,1
544,1,0,0,1,1,0,closed,aca_correct,0,1,NA
544,1,0,0,1,1,0,closed,aca2_correct,1,1,1
544,1,0,0,1,1,0,closed,gg_correct,0,1,NA
544,1,0,0,1,1,0,closed,dt_correct,0,0,0
546,1,0,0,NA,1,0,closed,aca_correct,0,1,NA
546,1,0,0,NA,1,0,closed,aca2_correct,0,1,0
546,1,0,0,NA,1,0,closed,gg_correct,0,1,NA
546,1,0,0,NA,1,0,closed,dt_correct,1,0,1
548,1,0,0,NA,1,0,open,aca_correct,0,1,NA
548,1,0,0,NA,1,0,open,aca2_correct,0,1,0
548,1,0,0,NA,1,0,open,gg_correct,0,1,NA
548,1,0,0,NA,1,0,open,dt_correct,0,0,0
549,0,0,1,NA,NA,NA,open,aca_correct,0,NA,NA
549,0,0,1,NA,NA,NA,open,aca2_correct,0,NA,0
549,0,0,1,NA,NA,NA,open,gg_correct,0,NA,NA
549,0,0,1,NA,NA,NA,open,dt_correct,1,NA,1
550,1,0,0,1,1,0,open,aca_correct,1,1,NA
550,1,0,0,1,1,0,open,aca2_correct,1,1,1
550,1,0,0,1,1,0,open,gg_correct,0,1,NA
550,1,0,0,1,1,0,open,dt_correct,1,0,1
552,1,0,0,NA,1,0,open,aca_correct,0,1,NA
552,1,0,0,NA,1,0,open,aca2_correct,0,1,0
552,1,0,0,NA,1,0,open,gg_correct,1,1,NA
552,1,0,0,NA,1,0,open,dt_correct,1,0,1
555,0,1,0,0,0,1,closed,aca_correct,0,0,NA
555,0,1,0,0,0,1,closed,aca2_correct,0,0,0
555,0,1,0,0,0,1,closed,gg_correct,0,0,NA
555,0,1,0,0,0,1,closed,dt_correct,1,1,1
556,0,1,0,0,0,1,closed,aca_correct,0,0,NA
556,0,1,0,0,0,1,closed,aca2_correct,1,0,1
556,0,1,0,0,0,1,closed,gg_correct,1,0,NA
556,0,1,0,0,0,1,closed,dt_correct,1,1,1
561,0,1,0,0,0,1,closed,aca_correct,0,0,NA
561,0,1,0,0,0,1,closed,aca2_correct,0,0,0
561,0,1,0,0,0,1,closed,gg_correct,0,0,NA
561,0,1,0,0,0,1,closed,dt_correct,0,1,0
562,1,0,0,NA,1,0,open,aca_correct,1,1,NA
562,1,0,0,NA,1,0,open,aca2_correct,1,1,1
562,1,0,0,NA,1,0,open,gg_correct,0,1,NA
562,1,0,0,NA,1,0,open,dt_correct,1,0,1
563,0,1,0,0,0,1,open,aca_correct,0,0,NA
563,0,1,0,0,0,1,open,aca2_correct,0,0,0
563,0,1,0,0,0,1,open,gg_correct,0,0,NA
563,0,1,0,0,0,1,open,dt_correct,1,1,1
564,0,1,0,0,0,1,closed,aca_correct,0,0,NA
564,0,1,0,0,0,1,closed,aca2_correct,0,0,0
564,0,1,0,0,0,1,closed,gg_correct,0,0,NA
564,0,1,0,0,0,1,closed,dt_correct,1,1,1
565,1,0,0,1,1,0,closed,aca_correct,0,1,NA
565,1,0,0,1,1,0,closed,aca2_correct,1,1,1
565,1,0,0,1,1,0,closed,gg_correct,0,1,NA
565,1,0,0,1,1,0,closed,dt_correct,1,0,1
566,NA,NA,NA,NA,0,1,open,aca_correct,0,0,NA
566,NA,NA,NA,NA,0,1,open,aca2_correct,0,0,0
566,NA,NA,NA,NA,0,1,open,gg_correct,0,0,NA
566,NA,NA,NA,NA,0,1,open,dt_correct,1,1,1
567,1,0,0,1,1,0,open,aca_correct,0,1,NA
567,1,0,0,1,1,0,open,aca2_correct,0,1,0
567,1,0,0,1,1,0,open,gg_correct,1,1,NA
567,1,0,0,1,1,0,open,dt_correct,1,0,1
568,0,1,0,0,0,1,closed,aca_correct,0,0,NA
568,0,1,0,0,0,1,closed,aca2_correct,0,0,0
568,0,1,0,0,0,1,closed,gg_correct,1,0,NA
568,0,1,0,0,0,1,closed,dt_correct,1,1,1
569,1,0,0,NA,1,0,closed,aca_correct,1,1,NA
569,1,0,0,NA,1,0,closed,aca2_correct,1,1,1
569,1,0,0,NA,1,0,closed,gg_correct,1,1,NA
569,1,0,0,NA,1,0,closed,dt_correct,1,0,1
570,0,1,0,0,0,1,closed,aca_correct,0,0,NA
570,0,1,0,0,0,1,closed,aca2_correct,0,0,0
570,0,1,0,0,0,1,closed,gg_correct,0,0,NA
570,0,1,0,0,0,1,closed,dt_correct,1,1,1
571,NA,NA,NA,NA,0,1,open,aca_correct,1,0,NA
571,NA,NA,NA,NA,0,1,open,aca2_correct,0,0,0
571,NA,NA,NA,NA,0,1,open,gg_correct,0,0,NA
571,NA,NA,NA,NA,0,1,open,dt_correct,1,1,1
572,1,0,0,1,1,0,closed,aca_correct,0,1,NA
572,1,0,0,1,1,0,closed,aca2_correct,0,1,0
572,1,0,0,1,1,0,closed,gg_correct,0,1,NA
572,1,0,0,1,1,0,closed,dt_correct,1,0,1
574,0,1,0,0,0,1,closed,aca_correct,0,0,NA
574,0,1,0,0,0,1,closed,aca2_correct,0,0,0
574,0,1,0,0,0,1,closed,gg_correct,0,0,NA
574,0,1,0,0,0,1,closed,dt_correct,1,1,1
575,0,1,0,0,0,1,open,aca_correct,0,0,NA
575,0,1,0,0,0,1,open,aca2_correct,0,0,0
575,0,1,0,0,0,1,open,gg_correct,0,0,NA
575,0,1,0,0,0,1,open,dt_correct,1,1,1
576,1,0,0,1,1,0,open,aca_correct,0,1,NA
576,1,0,0,1,1,0,open,aca2_correct,1,1,1
576,1,0,0,1,1,0,open,gg_correct,1,1,NA
576,1,0,0,1,1,0,open,dt_correct,1,0,1
577,0,1,0,0,0,1,closed,aca_correct,1,0,NA
577,0,1,0,0,0,1,closed,aca2_correct,1,0,1
577,0,1,0,0,0,1,closed,gg_correct,0,0,NA
577,0,1,0,0,0,1,closed,dt_correct,1,1,1
582,0,1,0,0,0,1,open,aca_correct,0,0,NA
582,0,1,0,0,0,1,open,aca2_correct,0,0,0
582,0,1,0,0,0,1,open,gg_correct,0,0,NA
582,0,1,0,0,0,1,open,dt_correct,1,1,1
583,1,0,0,1,1,0,open,aca_correct,0,1,NA
583,1,0,0,1,1,0,open,aca2_correct,0,1,0
583,1,0,0,1,1,0,open,gg_correct,0,1,NA
583,1,0,0,1,1,0,open,dt_correct,0,0,0
584,1,0,0,1,1,0,closed,aca_correct,0,1,NA
584,1,0,0,1,1,0,closed,aca2_correct,0,1,0
584,1,0,0,1,1,0,closed,gg_correct,0,1,NA
584,1,0,0,1,1,0,closed,dt_correct,1,0,1
588,1,0,0,1,1,0,closed,aca_correct,0,1,NA
588,1,0,0,1,1,0,closed,aca2_correct,0,1,0
588,1,0,0,1,1,0,closed,gg_correct,0,1,NA
588,1,0,0,1,1,0,closed,dt_correct,1,0,1
589,1,0,0,1,1,0,open,aca_correct,0,1,NA
589,1,0,0,1,1,0,open,aca2_correct,1,1,1
589,1,0,0,1,1,0,open,gg_correct,1,1,NA
589,1,0,0,1,1,0,open,dt_correct,1,0,1
591,1,0,0,NA,1,0,closed,aca_correct,0,1,NA
591,1,0,0,NA,1,0,closed,aca2_correct,1,1,1
591,1,0,0,NA,1,0,closed,gg_correct,0,1,NA
591,1,0,0,NA,1,0,closed,dt_correct,1,0,1
597,0,1,0,0,0,1,closed,aca_correct,0,0,NA
597,0,1,0,0,0,1,closed,aca2_correct,1,0,1
597,0,1,0,0,0,1,closed,gg_correct,0,0,NA
597,0,1,0,0,0,1,closed,dt_correct,1,1,1
598,1,0,0,NA,1,0,closed,aca_correct,0,1,NA
598,1,0,0,NA,1,0,closed,aca2_correct,0,1,0
598,1,0,0,NA,1,0,closed,gg_correct,0,1,NA
598,1,0,0,NA,1,0,closed,dt_correct,1,0,1
599,1,0,0,NA,1,0,open,aca_correct,0,1,NA
599,1,0,0,NA,1,0,open,aca2_correct,0,1,0
599,1,0,0,NA,1,0,open,gg_correct,1,1,NA
599,1,0,0,NA,1,0,open,dt_correct,1,0,1
600,1,0,0,1,1,0,closed,aca_correct,0,1,NA
600,1,0,0,1,1,0,closed,aca2_correct,0,1,0
600,1,0,0,1,1,0,closed,gg_correct,0,1,NA
600,1,0,0,1,1,0,closed,dt_correct,1,0,1
601,1,0,0,NA,1,0,closed,aca_correct,1,1,NA
601,1,0,0,NA,1,0,closed,aca2_correct,1,1,1
601,1,0,0,NA,1,0,closed,gg_correct,0,1,NA
601,1,0,0,NA,1,0,closed,dt_correct,0,0,0
602,1,0,0,1,1,0,open,aca_correct,0,1,NA
602,1,0,0,1,1,0,open,aca2_correct,0,1,0
602,1,0,0,1,1,0,open,gg_correct,0,1,NA
602,1,0,0,1,1,0,open,dt_correct,1,0,1
603,0,0,1,NA,NA,NA,closed,aca_correct,0,NA,NA
603,0,0,1,NA,NA,NA,closed,aca2_correct,0,NA,0
603,0,0,1,NA,NA,NA,closed,gg_correct,0,NA,NA
603,0,0,1,NA,NA,NA,closed,dt_correct,1,NA,1
608,0,1,0,0,0,1,closed,aca_correct,0,0,NA
608,0,1,0,0,0,1,closed,aca2_correct,1,0,1
608,0,1,0,0,0,1,closed,gg_correct,0,0,NA
608,0,1,0,0,0,1,closed,dt_correct,0,1,0
610,1,0,0,1,1,0,closed,aca_correct,0,1,NA
610,1,0,0,1,1,0,closed,aca2_correct,0,1,0
610,1,0,0,1,1,0,closed,gg_correct,0,1,NA
610,1,0,0,1,1,0,closed,dt_correct,1,0,1
613,0,1,0,0,0,1,open,aca_correct,0,0,NA
613,0,1,0,0,0,1,open,aca2_correct,1,0,1
613,0,1,0,0,0,1,open,gg_correct,0,0,NA
613,0,1,0,0,0,1,open,dt_correct,1,1,1
614,0,1,0,0,0,1,closed,aca_correct,0,0,NA
614,0,1,0,0,0,1,closed,aca2_correct,1,0,1
614,0,1,0,0,0,1,closed,gg_correct,0,0,NA
614,0,1,0,0,0,1,closed,dt_correct,1,1,1
615,NA,NA,NA,NA,0,1,closed,aca_correct,0,0,NA
615,NA,NA,NA,NA,0,1,closed,aca2_correct,0,0,0
615,NA,NA,NA,NA,0,1,closed,gg_correct,0,0,NA
615,NA,NA,NA,NA,0,1,closed,dt_correct,1,1,1
617,1,0,0,1,1,0,closed,aca_correct,0,1,NA
617,1,0,0,1,1,0,closed,aca2_correct,1,1,1
617,1,0,0,1,1,0,closed,gg_correct,1,1,NA
617,1,0,0,1,1,0,closed,dt_correct,1,0,1
619,0,1,0,0,0,1,open,aca_correct,0,0,NA
619,0,1,0,0,0,1,open,aca2_correct,0,0,0
619,0,1,0,0,0,1,open,gg_correct,0,0,NA
619,0,1,0,0,0,1,open,dt_correct,1,1,1
620,0,1,0,0,0,1,open,aca_correct,0,0,NA
620,0,1,0,0,0,1,open,aca2_correct,0,0,0
620,0,1,0,0,0,1,open,gg_correct,0,0,NA
620,0,1,0,0,0,1,open,dt_correct,1,1,1
621,0,0,1,NA,NA,NA,closed,aca_correct,0,NA,NA
621,0,0,1,NA,NA,NA,closed,aca2_correct,0,NA,0
621,0,0,1,NA,NA,NA,closed,gg_correct,0,NA,NA
621,0,0,1,NA,NA,NA,closed,dt_correct,1,NA,1
623,1,0,0,1,1,0,closed,aca_correct,0,1,NA
623,1,0,0,1,1,0,closed,aca2_correct,0,1,0
623,1,0,0,1,1,0,closed,gg_correct,1,1,NA
623,1,0,0,1,1,0,closed,dt_correct,1,0,1
624,1,0,0,1,1,0,closed,aca_correct,0,1,NA
624,1,0,0,1,1,0,closed,aca2_correct,0,1,0
624,1,0,0,1,1,0,closed,gg_correct,0,1,NA
624,1,0,0,1,1,0,closed,dt_correct,0,0,0
625,NA,NA,NA,NA,0,1,closed,aca_correct,0,0,NA
625,NA,NA,NA,NA,0,1,closed,aca2_correct,0,0,0
625,NA,NA,NA,NA,0,1,closed,gg_correct,1,0,NA
625,NA,NA,NA,NA,0,1,closed,dt_correct,1,1,1
626,1,0,0,1,1,0,closed,aca_correct,0,1,NA
626,1,0,0,1,1,0,closed,aca2_correct,0,1,0
626,1,0,0,1,1,0,closed,gg_correct,0,1,NA
626,1,0,0,1,1,0,closed,dt_correct,0,0,0
628,0,1,0,0,0,1,open,aca_correct,0,0,NA
628,0,1,0,0,0,1,open,aca2_correct,0,0,0
628,0,1,0,0,0,1,open,gg_correct,0,0,NA
628,0,1,0,0,0,1,open,dt_correct,1,1,1
630,NA,NA,NA,NA,0,1,closed,aca_correct,0,0,NA
630,NA,NA,NA,NA,0,1,closed,aca2_correct,1,0,1
630,NA,NA,NA,NA,0,1,closed,gg_correct,0,0,NA
630,NA,NA,NA,NA,0,1,closed,dt_correct,1,1,1
632,1,0,0,1,1,0,closed,aca_correct,0,1,NA
632,1,0,0,1,1,0,closed,aca2_correct,0,1,0
632,1,0,0,1,1,0,closed,gg_correct,0,1,NA
632,1,0,0,1,1,0,closed,dt_correct,0,0,0
635,1,0,0,NA,1,0,closed,aca_correct,0,1,NA
635,1,0,0,NA,1,0,closed,aca2_correct,0,1,0
635,1,0,0,NA,1,0,closed,gg_correct,0,1,NA
635,1,0,0,NA,1,0,closed,dt_correct,0,0,0
638,0,1,0,0,0,1,closed,aca_correct,0,0,NA
638,0,1,0,0,0,1,closed,aca2_correct,0,0,0
638,0,1,0,0,0,1,closed,gg_correct,0,0,NA
638,0,1,0,0,0,1,closed,dt_correct,0,1,0
639,1,0,0,NA,1,0,closed,aca_correct,0,1,NA
639,1,0,0,NA,1,0,closed,aca2_correct,0,1,0
639,1,0,0,NA,1,0,closed,gg_correct,0,1,NA
639,1,0,0,NA,1,0,closed,dt_correct,1,0,1
642,0,0,1,NA,NA,NA,closed,aca_correct,0,NA,NA
642,0,0,1,NA,NA,NA,closed,aca2_correct,0,NA,0
642,0,0,1,NA,NA,NA,closed,gg_correct,0,NA,NA
642,0,0,1,NA,NA,NA,closed,dt_correct,1,NA,1
644,0,0,1,NA,NA,NA,open,aca_correct,0,NA,NA
644,0,0,1,NA,NA,NA,open,aca2_correct,0,NA,0
644,0,0,1,NA,NA,NA,open,gg_correct,0,NA,NA
644,0,0,1,NA,NA,NA,open,dt_correct,1,NA,1
647,0,0,1,NA,NA,NA,open,aca_correct,0,NA,NA
647,0,0,1,NA,NA,NA,open,aca2_correct,0,NA,0
647,0,0,1,NA,NA,NA,open,gg_correct,0,NA,NA
647,0,0,1,NA,NA,NA,open,dt_correct,0,NA,0
648,0,0,1,NA,NA,NA,closed,aca_correct,0,NA,NA
648,0,0,1,NA,NA,NA,closed,aca2_correct,0,NA,0
648,0,0,1,NA,NA,NA,closed,gg_correct,0,NA,NA
648,0,0,1,NA,NA,NA,closed,dt_correct,1,NA,1
649,0,1,0,0,0,1,closed,aca_correct,0,0,NA
649,0,1,0,0,0,1,closed,aca2_correct,0,0,0
649,0,1,0,0,0,1,closed,gg_correct,0,0,NA
649,0,1,0,0,0,1,closed,dt_correct,1,1,1
650,1,0,0,1,1,0,closed,aca_correct,0,1,NA
650,1,0,0,1,1,0,closed,aca2_correct,0,1,0
650,1,0,0,1,1,0,closed,gg_correct,0,1,NA
650,1,0,0,1,1,0,closed,dt_correct,0,0,0
651,1,0,0,1,1,0,open,aca_correct,1,1,NA
651,1,0,0,1,1,0,open,aca2_correct,0,1,0
651,1,0,0,1,1,0,open,gg_correct,0,1,NA
651,1,0,0,1,1,0,open,dt_correct,1,0,1
652,0,0,1,NA,NA,NA,closed,aca_correct,0,NA,NA
652,0,0,1,NA,NA,NA,closed,aca2_correct,1,NA,1
652,0,0,1,NA,NA,NA,closed,gg_correct,0,NA,NA
652,0,0,1,NA,NA,NA,closed,dt_correct,0,NA,0
654,0,0,1,NA,NA,NA,closed,aca_correct,1,NA,NA
654,0,0,1,NA,NA,NA,closed,aca2_correct,0,NA,0
654,0,0,1,NA,NA,NA,closed,gg_correct,1,NA,NA
654,0,0,1,NA,NA,NA,closed,dt_correct,1,NA,1
655,0,0,1,NA,0,0,open,aca_correct,1,0,NA
655,0,0,1,NA,0,0,open,aca2_correct,1,0,1
655,0,0,1,NA,0,0,open,gg_correct,1,0,NA
655,0,0,1,NA,0,0,open,dt_correct,1,1,1
657,1,0,0,NA,1,0,open,aca_correct,0,1,NA
657,1,0,0,NA,1,0,open,aca2_correct,0,1,0
657,1,0,0,NA,1,0,open,gg_correct,0,1,NA
657,1,0,0,NA,1,0,open,dt_correct,1,0,1
659,1,0,0,1,1,0,open,aca_correct,1,1,NA
659,1,0,0,1,1,0,open,aca2_correct,0,1,0
659,1,0,0,1,1,0,open,gg_correct,0,1,NA
659,1,0,0,1,1,0,open,dt_correct,0,0,0
660,0,0,1,NA,NA,NA,closed,aca_correct,0,NA,NA
660,0,0,1,NA,NA,NA,closed,aca2_correct,0,NA,0
660,0,0,1,NA,NA,NA,closed,gg_correct,0,NA,NA
660,0,0,1,NA,NA,NA,closed,dt_correct,1,NA,1
661,1,0,0,1,1,0,open,aca_correct,1,1,NA
661,1,0,0,1,1,0,open,aca2_correct,0,1,0
661,1,0,0,1,1,0,open,gg_correct,0,1,NA
661,1,0,0,1,1,0,open,dt_correct,1,0,1
662,1,0,0,1,1,0,closed,aca_correct,0,1,NA
662,1,0,0,1,1,0,closed,aca2_correct,0,1,0
662,1,0,0,1,1,0,closed,gg_correct,0,1,NA
662,1,0,0,1,1,0,closed,dt_correct,1,0,1
663,0,1,0,0,0,1,open,aca_correct,0,0,NA
663,0,1,0,0,0,1,open,aca2_correct,0,0,0
663,0,1,0,0,0,1,open,gg_correct,0,0,NA
663,0,1,0,0,0,1,open,dt_correct,0,1,0
664,NA,NA,NA,NA,0,1,open,aca_correct,1,0,NA
664,NA,NA,NA,NA,0,1,open,aca2_correct,0,0,0
664,NA,NA,NA,NA,0,1,open,gg_correct,1,0,NA
664,NA,NA,NA,NA,0,1,open,dt_correct,1,1,1
667,1,0,0,1,1,0,closed,aca_correct,1,1,NA
667,1,0,0,1,1,0,closed,aca2_correct,1,1,1
667,1,0,0,1,1,0,closed,gg_correct,1,1,NA
667,1,0,0,1,1,0,closed,dt_correct,1,0,1
669,1,0,0,NA,1,0,closed,aca_correct,0,1,NA
669,1,0,0,NA,1,0,closed,aca2_correct,0,1,0
669,1,0,0,NA,1,0,closed,gg_correct,0,1,NA
669,1,0,0,NA,1,0,closed,dt_correct,0,0,0
676,0,0,1,NA,NA,NA,closed,aca_correct,0,NA,NA
676,0,0,1,NA,NA,NA,closed,aca2_correct,0,NA,0
676,0,0,1,NA,NA,NA,closed,gg_correct,0,NA,NA
676,0,0,1,NA,NA,NA,closed,dt_correct,1,NA,1
677,0,0,1,NA,0,0,closed,aca_correct,0,0,NA
677,0,0,1,NA,0,0,closed,aca2_correct,0,0,0
677,0,0,1,NA,0,0,closed,gg_correct,0,0,NA
677,0,0,1,NA,0,0,closed,dt_correct,0,1,0
679,1,0,0,1,1,0,open,aca_correct,0,1,NA
679,1,0,0,1,1,0,open,aca2_correct,0,1,0
679,1,0,0,1,1,0,open,gg_correct,0,1,NA
679,1,0,0,1,1,0,open,dt_correct,1,0,1
680,0,1,0,0,0,1,open,aca_correct,0,0,NA
680,0,1,0,0,0,1,open,aca2_correct,0,0,0
680,0,1,0,0,0,1,open,gg_correct,0,0,NA
680,0,1,0,0,0,1,open,dt_correct,1,1,1
683,1,0,0,NA,1,0,closed,aca_correct,1,1,NA
683,1,0,0,NA,1,0,closed,aca2_correct,1,1,1
683,1,0,0,NA,1,0,closed,gg_correct,1,1,NA
683,1,0,0,NA,1,0,closed,dt_correct,1,0,1
684,0,0,1,NA,NA,NA,closed,aca_correct,0,NA,NA
684,0,0,1,NA,NA,NA,closed,aca2_correct,0,NA,0
684,0,0,1,NA,NA,NA,closed,gg_correct,1,NA,NA
684,0,0,1,NA,NA,NA,closed,dt_correct,1,NA,1
685,1,0,0,NA,1,0,open,aca_correct,1,1,NA
685,1,0,0,NA,1,0,open,aca2_correct,1,1,1
685,1,0,0,NA,1,0,open,gg_correct,0,1,NA
685,1,0,0,NA,1,0,open,dt_correct,1,0,1
687,1,0,0,1,1,0,open,aca_correct,1,1,NA
687,1,0,0,1,1,0,open,aca2_correct,0,1,0
687,1,0,0,1,1,0,open,gg_correct,1,1,NA
687,1,0,0,1,1,0,open,dt_correct,1,0,1
688,0,0,1,NA,NA,NA,closed,aca_correct,0,NA,NA
688,0,0,1,NA,NA,NA,closed,aca2_correct,0,NA,0
688,0,0,1,NA,NA,NA,closed,gg_correct,0,NA,NA
688,0,0,1,NA,NA,NA,closed,dt_correct,1,NA,1
690,NA,NA,NA,NA,0,1,closed,aca_correct,1,0,NA
690,NA,NA,NA,NA,0,1,closed,aca2_correct,1,0,1
690,NA,NA,NA,NA,0,1,closed,gg_correct,1,0,NA
690,NA,NA,NA,NA,0,1,closed,dt_correct,1,1,1
692,NA,NA,NA,NA,0,1,closed,aca_correct,1,0,NA
692,NA,NA,NA,NA,0,1,closed,aca2_correct,1,0,1
692,NA,NA,NA,NA,0,1,closed,gg_correct,0,0,NA
692,NA,NA,NA,NA,0,1,closed,dt_correct,1,1,1
695,NA,NA,NA,NA,0,1,closed,aca_correct,1,0,NA
695,NA,NA,NA,NA,0,1,closed,aca2_correct,0,0,0
695,NA,NA,NA,NA,0,1,closed,gg_correct,1,0,NA
695,NA,NA,NA,NA,0,1,closed,dt_correct,1,1,1
697,1,0,0,NA,1,0,open,aca_correct,0,1,NA
697,1,0,0,NA,1,0,open,aca2_correct,0,1,0
697,1,0,0,NA,1,0,open,gg_correct,1,1,NA
697,1,0,0,NA,1,0,open,dt_correct,0,0,0
698,NA,NA,NA,NA,0,1,closed,aca_correct,1,0,NA
698,NA,NA,NA,NA,0,1,closed,aca2_correct,1,0,1
698,NA,NA,NA,NA,0,1,closed,gg_correct,0,0,NA
698,NA,NA,NA,NA,0,1,closed,dt_correct,1,1,1
701,1,0,0,1,1,0,open,aca_correct,1,1,NA
701,1,0,0,1,1,0,open,aca2_correct,1,1,1
701,1,0,0,1,1,0,open,gg_correct,1,1,NA
701,1,0,0,1,1,0,open,dt_correct,1,0,1
704,1,0,0,1,1,0,open,aca_correct,0,1,NA
704,1,0,0,1,1,0,open,aca2_correct,0,1,0
704,1,0,0,1,1,0,open,gg_correct,0,1,NA
704,1,0,0,1,1,0,open,dt_correct,1,0,1
705,0,1,0,0,0,1,closed,aca_correct,0,0,NA
705,0,1,0,0,0,1,closed,aca2_correct,0,0,0
705,0,1,0,0,0,1,closed,gg_correct,0,0,NA
705,0,1,0,0,0,1,closed,dt_correct,1,1,1
709,0,0,1,NA,NA,NA,closed,aca_correct,0,NA,NA
709,0,0,1,NA,NA,NA,closed,aca2_correct,1,NA,1
709,0,0,1,NA,NA,NA,closed,gg_correct,0,NA,NA
709,0,0,1,NA,NA,NA,closed,dt_correct,1,NA,1
710,1,0,0,NA,1,0,closed,aca_correct,0,1,NA
710,1,0,0,NA,1,0,closed,aca2_correct,0,1,0
710,1,0,0,NA,1,0,closed,gg_correct,0,1,NA
710,1,0,0,NA,1,0,closed,dt_correct,1,0,1
712,0,1,0,0,0,1,open,aca_correct,0,0,NA
712,0,1,0,0,0,1,open,aca2_correct,0,0,0
712,0,1,0,0,0,1,open,gg_correct,0,0,NA
712,0,1,0,0,0,1,open,dt_correct,1,1,1
714,1,0,0,1,1,0,open,aca_correct,0,1,NA
714,1,0,0,1,1,0,open,aca2_correct,1,1,1
714,1,0,0,1,1,0,open,gg_correct,0,1,NA
714,1,0,0,1,1,0,open,dt_correct,1,0,1
715,1,0,0,1,1,0,closed,aca_correct,0,1,NA
715,1,0,0,1,1,0,closed,aca2_correct,1,1,1
715,1,0,0,1,1,0,closed,gg_correct,1,1,NA
715,1,0,0,1,1,0,closed,dt_correct,0,0,0
717,1,0,0,1,1,0,closed,aca_correct,0,1,NA
717,1,0,0,1,1,0,closed,aca2_correct,0,1,0
717,1,0,0,1,1,0,closed,gg_correct,0,1,NA
717,1,0,0,1,1,0,closed,dt_correct,1,0,1
720,1,0,0,1,1,0,open,aca_correct,0,1,NA
720,1,0,0,1,1,0,open,aca2_correct,0,1,0
720,1,0,0,1,1,0,open,gg_correct,1,1,NA
720,1,0,0,1,1,0,open,dt_correct,1,0,1
722,0,1,0,0,0,1,closed,aca_correct,1,0,NA
722,0,1,0,0,0,1,closed,aca2_correct,1,0,1
722,0,1,0,0,0,1,closed,gg_correct,0,0,NA
722,0,1,0,0,0,1,closed,dt_correct,1,1,1
724,0,0,1,NA,NA,NA,open,aca_correct,0,NA,NA
724,0,0,1,NA,NA,NA,open,aca2_correct,0,NA,0
724,0,0,1,NA,NA,NA,open,gg_correct,0,NA,NA
724,0,0,1,NA,NA,NA,open,dt_correct,0,NA,0
725,1,0,0,1,1,0,closed,aca_correct,0,1,NA
725,1,0,0,1,1,0,closed,aca2_correct,1,1,1
725,1,0,0,1,1,0,closed,gg_correct,0,1,NA
725,1,0,0,1,1,0,closed,dt_correct,1,0,1
726,0,0,1,NA,NA,NA,closed,aca_correct,0,NA,NA
726,0,0,1,NA,NA,NA,closed,aca2_correct,0,NA,0
726,0,0,1,NA,NA,NA,closed,gg_correct,0,NA,NA
726,0,0,1,NA,NA,NA,closed,dt_correct,0,NA,0
727,1,0,0,1,1,0,open,aca_correct,0,1,NA
727,1,0,0,1,1,0,open,aca2_correct,0,1,0
727,1,0,0,1,1,0,open,gg_correct,0,1,NA
727,1,0,0,1,1,0,open,dt_correct,0,0,0
729,1,0,0,1,1,0,closed,aca_correct,0,1,NA
729,1,0,0,1,1,0,closed,aca2_correct,0,1,0
729,1,0,0,1,1,0,closed,gg_correct,1,1,NA
729,1,0,0,1,1,0,closed,dt_correct,0,0,0
730,0,0,1,NA,NA,NA,open,aca_correct,0,NA,NA
730,0,0,1,NA,NA,NA,open,aca2_correct,1,NA,1
730,0,0,1,NA,NA,NA,open,gg_correct,0,NA,NA
730,0,0,1,NA,NA,NA,open,dt_correct,0,NA,0
731,1,0,0,1,1,0,closed,aca_correct,0,1,NA
731,1,0,0,1,1,0,closed,aca2_correct,0,1,0
731,1,0,0,1,1,0,closed,gg_correct,0,1,NA
731,1,0,0,1,1,0,closed,dt_correct,1,0,1
733,0,1,0,0,0,1,open,aca_correct,0,0,NA
733,0,1,0,0,0,1,open,aca2_correct,0,0,0
733,0,1,0,0,0,1,open,gg_correct,0,0,NA
733,0,1,0,0,0,1,open,dt_correct,0,1,0
734,1,0,0,1,1,0,open,aca_correct,0,1,NA
734,1,0,0,1,1,0,open,aca2_correct,0,1,0
734,1,0,0,1,1,0,open,gg_correct,0,1,NA
734,1,0,0,1,1,0,open,dt_correct,1,0,1
736,NA,NA,NA,NA,0,1,closed,aca_correct,0,0,NA
736,NA,NA,NA,NA,0,1,closed,aca2_correct,0,0,0
736,NA,NA,NA,NA,0,1,closed,gg_correct,1,0,NA
736,NA,NA,NA,NA,0,1,closed,dt_correct,1,1,1
737,0,1,0,0,0,1,closed,aca_correct,0,0,NA
737,0,1,0,0,0,1,closed,aca2_correct,1,0,1
737,0,1,0,0,0,1,closed,gg_correct,0,0,NA
737,0,1,0,0,0,1,closed,dt_correct,1,1,1
739,1,0,0,1,1,0,open,aca_correct,0,1,NA
739,1,0,0,1,1,0,open,aca2_correct,0,1,0
739,1,0,0,1,1,0,open,gg_correct,0,1,NA
739,1,0,0,1,1,0,open,dt_correct,1,0,1
743,0,1,0,0,0,1,open,aca_correct,0,0,NA
743,0,1,0,0,0,1,open,aca2_correct,0,0,0
743,0,1,0,0,0,1,open,gg_correct,0,0,NA
743,0,1,0,0,0,1,open,dt_correct,1,1,1
744,1,0,0,NA,1,0,closed,aca_correct,0,1,NA
744,1,0,0,NA,1,0,closed,aca2_correct,0,1,0
744,1,0,0,NA,1,0,closed,gg_correct,0,1,NA
744,1,0,0,NA,1,0,closed,dt_correct,1,0,1
746,1,0,0,1,1,0,closed,aca_correct,0,1,NA
746,1,0,0,1,1,0,closed,aca2_correct,0,1,0
746,1,0,0,1,1,0,closed,gg_correct,0,1,NA
746,1,0,0,1,1,0,closed,dt_correct,0,0,0
747,1,0,0,1,1,0,open,aca_correct,0,1,NA
747,1,0,0,1,1,0,open,aca2_correct,0,1,0
747,1,0,0,1,1,0,open,gg_correct,0,1,NA
747,1,0,0,1,1,0,open,dt_correct,0,0,0
752,1,0,0,1,1,0,closed,aca_correct,0,1,NA
752,1,0,0,1,1,0,closed,aca2_correct,1,1,1
752,1,0,0,1,1,0,closed,gg_correct,0,1,NA
752,1,0,0,1,1,0,closed,dt_correct,1,0,1
754,1,0,0,1,1,0,closed,aca_correct,0,1,NA
754,1,0,0,1,1,0,closed,aca2_correct,0,1,0
754,1,0,0,1,1,0,closed,gg_correct,0,1,NA
754,1,0,0,1,1,0,closed,dt_correct,1,0,1
755,1,0,0,NA,1,0,closed,aca_correct,0,1,NA
755,1,0,0,NA,1,0,closed,aca2_correct,1,1,1
755,1,0,0,NA,1,0,closed,gg_correct,0,1,NA
755,1,0,0,NA,1,0,closed,dt_correct,1,0,1
756,0,1,0,0,0,1,closed,aca_correct,1,0,NA
756,0,1,0,0,0,1,closed,aca2_correct,1,0,1
756,0,1,0,0,0,1,closed,gg_correct,1,0,NA
756,0,1,0,0,0,1,closed,dt_correct,1,1,1
757,1,0,0,NA,1,0,closed,aca_correct,0,1,NA
757,1,0,0,NA,1,0,closed,aca2_correct,0,1,0
757,1,0,0,NA,1,0,closed,gg_correct,1,1,NA
757,1,0,0,NA,1,0,closed,dt_correct,1,0,1
762,1,0,0,NA,1,0,closed,aca_correct,0,1,NA
762,1,0,0,NA,1,0,closed,aca2_correct,0,1,0
762,1,0,0,NA,1,0,closed,gg_correct,1,1,NA
762,1,0,0,NA,1,0,closed,dt_correct,0,0,0
765,0,1,0,0,0,1,closed,aca_correct,0,0,NA
765,0,1,0,0,0,1,closed,aca2_correct,1,0,1
765,0,1,0,0,0,1,closed,gg_correct,0,0,NA
765,0,1,0,0,0,1,closed,dt_correct,1,1,1
766,1,0,0,1,1,0,open,aca_correct,1,1,NA
766,1,0,0,1,1,0,open,aca2_correct,1,1,1
766,1,0,0,1,1,0,open,gg_correct,1,1,NA
766,1,0,0,1,1,0,open,dt_correct,1,0,1
767,0,0,1,NA,NA,NA,closed,aca_correct,0,NA,NA
767,0,0,1,NA,NA,NA,closed,aca2_correct,0,NA,0
767,0,0,1,NA,NA,NA,closed,gg_correct,0,NA,NA
767,0,0,1,NA,NA,NA,closed,dt_correct,1,NA,1
769,1,0,0,1,1,0,open,aca_correct,1,1,NA
769,1,0,0,1,1,0,open,aca2_correct,1,1,1
769,1,0,0,1,1,0,open,gg_correct,0,1,NA
769,1,0,0,1,1,0,open,dt_correct,0,0,0
770,1,0,0,NA,1,0,open,aca_correct,1,1,NA
770,1,0,0,NA,1,0,open,aca2_correct,1,1,1
770,1,0,0,NA,1,0,open,gg_correct,1,1,NA
770,1,0,0,NA,1,0,open,dt_correct,1,0,1
775,0,1,0,0,0,1,open,aca_correct,1,0,NA
775,0,1,0,0,0,1,open,aca2_correct,1,0,1
775,0,1,0,0,0,1,open,gg_correct,1,0,NA
775,0,1,0,0,0,1,open,dt_correct,1,1,1
776,0,1,0,0,0,1,closed,aca_correct,0,0,NA
776,0,1,0,0,0,1,closed,aca2_correct,0,0,0
776,0,1,0,0,0,1,closed,gg_correct,0,0,NA
776,0,1,0,0,0,1,closed,dt_correct,0,1,0
777,0,1,0,0,0,1,open,aca_correct,0,0,NA
777,0,1,0,0,0,1,open,aca2_correct,0,0,0
777,0,1,0,0,0,1,open,gg_correct,0,0,NA
777,0,1,0,0,0,1,open,dt_correct,1,1,1
778,1,0,0,1,1,0,open,aca_correct,0,1,NA
778,1,0,0,1,1,0,open,aca2_correct,1,1,1
778,1,0,0,1,1,0,open,gg_correct,0,1,NA
778,1,0,0,1,1,0,open,dt_correct,1,0,1
779,0,0,1,NA,NA,NA,closed,aca_correct,0,NA,NA
779,0,0,1,NA,NA,NA,closed,aca2_correct,1,NA,1
779,0,0,1,NA,NA,NA,closed,gg_correct,0,NA,NA
779,0,0,1,NA,NA,NA,closed,dt_correct,0,NA,0
780,1,0,0,1,1,0,closed,aca_correct,0,1,NA
780,1,0,0,1,1,0,closed,aca2_correct,0,1,0
780,1,0,0,1,1,0,closed,gg_correct,0,1,NA
780,1,0,0,1,1,0,closed,dt_correct,0,0,0
781,1,0,0,1,1,0,closed,aca_correct,0,1,NA
781,1,0,0,1,1,0,closed,aca2_correct,0,1,0
781,1,0,0,1,1,0,closed,gg_correct,1,1,NA
781,1,0,0,1,1,0,closed,dt_correct,1,0,1
782,1,0,0,1,1,0,open,aca_correct,1,1,NA
782,1,0,0,1,1,0,open,aca2_correct,1,1,1
782,1,0,0,1,1,0,open,gg_correct,1,1,NA
782,1,0,0,1,1,0,open,dt_correct,1,0,1
784,0,1,0,0,0,1,open,aca_correct,0,0,NA
784,0,1,0,0,0,1,open,aca2_correct,0,0,0
784,0,1,0,0,0,1,open,gg_correct,1,0,NA
784,0,1,0,0,0,1,open,dt_correct,1,1,1
785,0,1,0,0,0,1,closed,aca_correct,1,0,NA
785,0,1,0,0,0,1,closed,aca2_correct,0,0,0
785,0,1,0,0,0,1,closed,gg_correct,1,0,NA
785,0,1,0,0,0,1,closed,dt_correct,1,1,1
786,0,0,1,NA,0,0,closed,aca_correct,0,0,NA
786,0,0,1,NA,0,0,closed,aca2_correct,0,0,0
786,0,0,1,NA,0,0,closed,gg_correct,1,0,NA
786,0,0,1,NA,0,0,closed,dt_correct,0,1,0
788,1,0,0,1,1,0,open,aca_correct,1,1,NA
788,1,0,0,1,1,0,open,aca2_correct,0,1,0
788,1,0,0,1,1,0,open,gg_correct,1,1,NA
788,1,0,0,1,1,0,open,dt_correct,1,0,1
792,0,1,0,0,0,1,closed,aca_correct,0,0,NA
792,0,1,0,0,0,1,closed,aca2_correct,0,0,0
792,0,1,0,0,0,1,closed,gg_correct,0,0,NA
792,0,1,0,0,0,1,closed,dt_correct,0,1,0
793,0,1,0,0,0,1,closed,aca_correct,0,0,NA
793,0,1,0,0,0,1,closed,aca2_correct,0,0,0
793,0,1,0,0,0,1,closed,gg_correct,0,0,NA
793,0,1,0,0,0,1,closed,dt_correct,1,1,1
795,0,0,1,NA,NA,NA,closed,aca_correct,0,NA,NA
795,0,0,1,NA,NA,NA,closed,aca2_correct,0,NA,0
795,0,0,1,NA,NA,NA,closed,gg_correct,0,NA,NA
795,0,0,1,NA,NA,NA,closed,dt_correct,0,NA,0
796,0,0,1,NA,NA,NA,closed,aca_correct,0,NA,NA
796,0,0,1,NA,NA,NA,closed,aca2_correct,0,NA,0
796,0,0,1,NA,NA,NA,closed,gg_correct,0,NA,NA
796,0,0,1,NA,NA,NA,closed,dt_correct,1,NA,1
797,0,1,0,0,0,1,closed,aca_correct,0,0,NA
797,0,1,0,0,0,1,closed,aca2_correct,0,0,0
797,0,1,0,0,0,1,closed,gg_correct,1,0,NA
797,0,1,0,0,0,1,closed,dt_correct,1,1,1
799,NA,NA,NA,NA,0,1,closed,aca_correct,1,0,NA
799,NA,NA,NA,NA,0,1,closed,aca2_correct,0,0,0
799,NA,NA,NA,NA,0,1,closed,gg_correct,1,0,NA
799,NA,NA,NA,NA,0,1,closed,dt_correct,1,1,1
801,0,1,0,0,0,1,closed,aca_correct,0,0,NA
801,0,1,0,0,0,1,closed,aca2_correct,0,0,0
801,0,1,0,0,0,1,closed,gg_correct,0,0,NA
801,0,1,0,0,0,1,closed,dt_correct,0,1,0
803,0,1,0,0,0,1,closed,aca_correct,1,0,NA
803,0,1,0,0,0,1,closed,aca2_correct,0,0,0
803,0,1,0,0,0,1,closed,gg_correct,0,0,NA
803,0,1,0,0,0,1,closed,dt_correct,0,1,0
804,0,1,0,0,0,1,closed,aca_correct,0,0,NA
804,0,1,0,0,0,1,closed,aca2_correct,1,0,1
804,0,1,0,0,0,1,closed,gg_correct,0,0,NA
804,0,1,0,0,0,1,closed,dt_correct,1,1,1
807,0,1,0,0,0,1,closed,aca_correct,0,0,NA
807,0,1,0,0,0,1,closed,aca2_correct,0,0,0
807,0,1,0,0,0,1,closed,gg_correct,0,0,NA
807,0,1,0,0,0,1,closed,dt_correct,1,1,1
808,1,0,0,1,1,0,open,aca_correct,1,1,NA
808,1,0,0,1,1,0,open,aca2_correct,1,1,1
808,1,0,0,1,1,0,open,gg_correct,1,1,NA
808,1,0,0,1,1,0,open,dt_correct,1,0,1
810,0,1,0,0,0,1,open,aca_correct,1,0,NA
810,0,1,0,0,0,1,open,aca2_correct,0,0,0
810,0,1,0,0,0,1,open,gg_correct,0,0,NA
810,0,1,0,0,0,1,open,dt_correct,1,1,1
814,1,0,0,1,1,0,closed,aca_correct,0,1,NA
814,1,0,0,1,1,0,closed,aca2_correct,0,1,0
814,1,0,0,1,1,0,closed,gg_correct,0,1,NA
814,1,0,0,1,1,0,closed,dt_correct,0,0,0
819,0,1,0,0,0,1,closed,aca_correct,0,0,NA
819,0,1,0,0,0,1,closed,aca2_correct,0,0,0
819,0,1,0,0,0,1,closed,gg_correct,0,0,NA
819,0,1,0,0,0,1,closed,dt_correct,0,1,0
820,0,0,1,NA,NA,NA,closed,aca_correct,1,NA,NA
820,0,0,1,NA,NA,NA,closed,aca2_correct,1,NA,1
820,0,0,1,NA,NA,NA,closed,gg_correct,0,NA,NA
820,0,0,1,NA,NA,NA,closed,dt_correct,1,NA,1
821,1,0,0,NA,1,0,open,aca_correct,1,1,NA
821,1,0,0,NA,1,0,open,aca2_correct,0,1,0
821,1,0,0,NA,1,0,open,gg_correct,0,1,NA
821,1,0,0,NA,1,0,open,dt_correct,1,0,1
822,1,0,0,1,1,0,open,aca_correct,0,1,NA
822,1,0,0,1,1,0,open,aca2_correct,0,1,0
822,1,0,0,1,1,0,open,gg_correct,1,1,NA
822,1,0,0,1,1,0,open,dt_correct,0,0,0
824,1,0,0,NA,1,0,closed,aca_correct,0,1,NA
824,1,0,0,NA,1,0,closed,aca2_correct,1,1,1
824,1,0,0,NA,1,0,closed,gg_correct,1,1,NA
824,1,0,0,NA,1,0,closed,dt_correct,1,0,1
825,1,0,0,1,1,0,closed,aca_correct,0,1,NA
825,1,0,0,1,1,0,closed,aca2_correct,0,1,0
825,1,0,0,1,1,0,closed,gg_correct,1,1,NA
825,1,0,0,1,1,0,closed,dt_correct,1,0,1
829,0,0,1,NA,NA,NA,open,aca_correct,1,NA,NA
829,0,0,1,NA,NA,NA,open,aca2_correct,0,NA,0
829,0,0,1,NA,NA,NA,open,gg_correct,0,NA,NA
829,0,0,1,NA,NA,NA,open,dt_correct,0,NA,0
833,1,0,0,NA,1,0,open,aca_correct,0,1,NA
833,1,0,0,NA,1,0,open,aca2_correct,0,1,0
833,1,0,0,NA,1,0,open,gg_correct,0,1,NA
833,1,0,0,NA,1,0,open,dt_correct,0,0,0
834,0,1,0,0,0,1,closed,aca_correct,1,0,NA
834,0,1,0,0,0,1,closed,aca2_correct,0,0,0
834,0,1,0,0,0,1,closed,gg_correct,0,0,NA
834,0,1,0,0,0,1,closed,dt_correct,0,1,0
835,1,0,0,1,1,0,closed,aca_correct,1,1,NA
835,1,0,0,1,1,0,closed,aca2_correct,1,1,1
835,1,0,0,1,1,0,closed,gg_correct,1,1,NA
835,1,0,0,1,1,0,closed,dt_correct,1,0,1
837,1,0,0,NA,1,0,open,aca_correct,1,1,NA
837,1,0,0,NA,1,0,open,aca2_correct,1,1,1
837,1,0,0,NA,1,0,open,gg_correct,1,1,NA
837,1,0,0,NA,1,0,open,dt_correct,1,0,1
838,1,0,0,1,1,0,closed,aca_correct,0,1,NA
838,1,0,0,1,1,0,closed,aca2_correct,1,1,1
838,1,0,0,1,1,0,closed,gg_correct,1,1,NA
838,1,0,0,1,1,0,closed,dt_correct,1,0,1
840,1,0,0,1,1,0,closed,aca_correct,0,1,NA
840,1,0,0,1,1,0,closed,aca2_correct,0,1,0
840,1,0,0,1,1,0,closed,gg_correct,1,1,NA
840,1,0,0,1,1,0,closed,dt_correct,1,0,1
841,1,0,0,1,1,0,closed,aca_correct,0,1,NA
841,1,0,0,1,1,0,closed,aca2_correct,0,1,0
841,1,0,0,1,1,0,closed,gg_correct,0,1,NA
841,1,0,0,1,1,0,closed,dt_correct,0,0,0
844,1,0,0,1,1,0,closed,aca_correct,0,1,NA
844,1,0,0,1,1,0,closed,aca2_correct,1,1,1
844,1,0,0,1,1,0,closed,gg_correct,0,1,NA
844,1,0,0,1,1,0,closed,dt_correct,1,0,1
845,1,0,0,1,1,0,open,aca_correct,0,1,NA
845,1,0,0,1,1,0,open,aca2_correct,0,1,0
845,1,0,0,1,1,0,open,gg_correct,0,1,NA
845,1,0,0,1,1,0,open,dt_correct,1,0,1
846,1,0,0,NA,1,0,closed,aca_correct,0,1,NA
846,1,0,0,NA,1,0,closed,aca2_correct,0,1,0
846,1,0,0,NA,1,0,closed,gg_correct,1,1,NA
846,1,0,0,NA,1,0,closed,dt_correct,1,0,1
848,1,0,0,NA,1,0,closed,aca_correct,0,1,NA
848,1,0,0,NA,1,0,closed,aca2_correct,1,1,1
848,1,0,0,NA,1,0,closed,gg_correct,0,1,NA
848,1,0,0,NA,1,0,closed,dt_correct,1,0,1
849,0,1,0,0,0,1,closed,aca_correct,0,0,NA
849,0,1,0,0,0,1,closed,aca2_correct,0,0,0
849,0,1,0,0,0,1,closed,gg_correct,0,0,NA
849,0,1,0,0,0,1,closed,dt_correct,0,1,0
850,1,0,0,1,1,0,open,aca_correct,1,1,NA
850,1,0,0,1,1,0,open,aca2_correct,1,1,1
850,1,0,0,1,1,0,open,gg_correct,0,1,NA
850,1,0,0,1,1,0,open,dt_correct,1,0,1
852,0,1,0,0,0,1,closed,aca_correct,0,0,NA
852,0,1,0,0,0,1,closed,aca2_correct,0,0,0
852,0,1,0,0,0,1,closed,gg_correct,0,0,NA
852,0,1,0,0,0,1,closed,dt_correct,1,1,1
853,1,0,0,1,1,0,open,aca_correct,0,1,NA
853,1,0,0,1,1,0,open,aca2_correct,0,1,0
853,1,0,0,1,1,0,open,gg_correct,0,1,NA
853,1,0,0,1,1,0,open,dt_correct,1,0,1
855,1,0,0,NA,1,0,closed,aca_correct,1,1,NA
855,1,0,0,NA,1,0,closed,aca2_correct,0,1,0
855,1,0,0,NA,1,0,closed,gg_correct,1,1,NA
855,1,0,0,NA,1,0,closed,dt_correct,1,0,1
861,1,0,0,1,1,0,open,aca_correct,0,1,NA
861,1,0,0,1,1,0,open,aca2_correct,1,1,1
861,1,0,0,1,1,0,open,gg_correct,1,1,NA
861,1,0,0,1,1,0,open,dt_correct,0,0,0
863,0,0,1,NA,0,0,closed,aca_correct,0,0,NA
863,0,0,1,NA,0,0,closed,aca2_correct,0,0,0
863,0,0,1,NA,0,0,closed,gg_correct,0,0,NA
863,0,0,1,NA,0,0,closed,dt_correct,0,1,0
864,0,0,1,NA,NA,NA,closed,aca_correct,0,NA,NA
864,0,0,1,NA,NA,NA,closed,aca2_correct,0,NA,0
864,0,0,1,NA,NA,NA,closed,gg_correct,0,NA,NA
864,0,0,1,NA,NA,NA,closed,dt_correct,1,NA,1
868,0,1,0,0,0,1,open,aca_correct,0,0,NA
868,0,1,0,0,0,1,open,aca2_correct,0,0,0
868,0,1,0,0,0,1,open,gg_correct,0,0,NA
868,0,1,0,0,0,1,open,dt_correct,1,1,1
869,1,0,0,NA,1,0,closed,aca_correct,0,1,NA
869,1,0,0,NA,1,0,closed,aca2_correct,0,1,0
869,1,0,0,NA,1,0,closed,gg_correct,0,1,NA
869,1,0,0,NA,1,0,closed,dt_correct,1,0,1
870,1,0,0,1,1,0,closed,aca_correct,0,1,NA
870,1,0,0,1,1,0,closed,aca2_correct,0,1,0
870,1,0,0,1,1,0,closed,gg_correct,0,1,NA
870,1,0,0,1,1,0,closed,dt_correct,1,0,1
873,0,1,0,0,0,1,open,aca_correct,1,0,NA
873,0,1,0,0,0,1,open,aca2_correct,0,0,0
873,0,1,0,0,0,1,open,gg_correct,0,0,NA
873,0,1,0,0,0,1,open,dt_correct,0,1,0
875,1,0,0,1,1,0,closed,aca_correct,1,1,NA
875,1,0,0,1,1,0,closed,aca2_correct,0,1,0
875,1,0,0,1,1,0,closed,gg_correct,0,1,NA
875,1,0,0,1,1,0,closed,dt_correct,1,0,1
876,0,0,1,NA,NA,NA,closed,aca_correct,1,NA,NA
876,0,0,1,NA,NA,NA,closed,aca2_correct,0,NA,0
876,0,0,1,NA,NA,NA,closed,gg_correct,1,NA,NA
876,0,0,1,NA,NA,NA,closed,dt_correct,1,NA,1
878,1,0,0,1,1,0,closed,aca_correct,1,1,NA
878,1,0,0,1,1,0,closed,aca2_correct,0,1,0
878,1,0,0,1,1,0,closed,gg_correct,0,1,NA
878,1,0,0,1,1,0,closed,dt_correct,1,0,1
881,NA,NA,NA,NA,0,1,closed,aca_correct,1,0,NA
881,NA,NA,NA,NA,0,1,closed,aca2_correct,1,0,1
881,NA,NA,NA,NA,0,1,closed,gg_correct,0,0,NA
881,NA,NA,NA,NA,0,1,closed,dt_correct,1,1,1
885,0,0,1,NA,NA,NA,open,aca_correct,0,NA,NA
885,0,0,1,NA,NA,NA,open,aca2_correct,0,NA,0
885,0,0,1,NA,NA,NA,open,gg_correct,0,NA,NA
885,0,0,1,NA,NA,NA,open,dt_correct,1,NA,1
887,0,1,0,0,0,1,closed,aca_correct,0,0,NA
887,0,1,0,0,0,1,closed,aca2_correct,0,0,0
887,0,1,0,0,0,1,closed,gg_correct,0,0,NA
887,0,1,0,0,0,1,closed,dt_correct,1,1,1
889,0,1,0,0,0,1,open,aca_correct,0,0,NA
889,0,1,0,0,0,1,open,aca2_correct,0,0,0
889,0,1,0,0,0,1,open,gg_correct,0,0,NA
889,0,1,0,0,0,1,open,dt_correct,0,1,0
891,0,1,0,0,0,1,closed,aca_correct,0,0,NA
891,0,1,0,0,0,1,closed,aca2_correct,1,0,1
891,0,1,0,0,0,1,closed,gg_correct,0,0,NA
891,0,1,0,0,0,1,closed,dt_correct,1,1,1
892,1,0,0,1,1,0,closed,aca_correct,0,1,NA
892,1,0,0,1,1,0,closed,aca2_correct,0,1,0
892,1,0,0,1,1,0,closed,gg_correct,1,1,NA
892,1,0,0,1,1,0,closed,dt_correct,0,0,0
893,1,0,0,1,1,0,open,aca_correct,1,1,NA
893,1,0,0,1,1,0,open,aca2_correct,0,1,0
893,1,0,0,1,1,0,open,gg_correct,0,1,NA
893,1,0,0,1,1,0,open,dt_correct,1,0,1
895,0,1,0,0,0,1,closed,aca_correct,1,0,NA
895,0,1,0,0,0,1,closed,aca2_correct,0,0,0
895,0,1,0,0,0,1,closed,gg_correct,0,0,NA
895,0,1,0,0,0,1,closed,dt_correct,1,1,1
898,0,1,0,0,0,1,closed,aca_correct,0,0,NA
898,0,1,0,0,0,1,closed,aca2_correct,0,0,0
898,0,1,0,0,0,1,closed,gg_correct,0,0,NA
898,0,1,0,0,0,1,closed,dt_correct,0,1,0
902,NA,NA,NA,NA,0,1,closed,aca_correct,0,0,NA
902,NA,NA,NA,NA,0,1,closed,aca2_correct,1,0,1
902,NA,NA,NA,NA,0,1,closed,gg_correct,0,0,NA
902,NA,NA,NA,NA,0,1,closed,dt_correct,1,1,1
903,NA,NA,NA,NA,0,1,closed,aca_correct,0,0,NA
903,NA,NA,NA,NA,0,1,closed,aca2_correct,1,0,1
903,NA,NA,NA,NA,0,1,closed,gg_correct,0,0,NA
903,NA,NA,NA,NA,0,1,closed,dt_correct,1,1,1
905,1,0,0,1,1,0,open,aca_correct,0,1,NA
905,1,0,0,1,1,0,open,aca2_correct,0,1,0
905,1,0,0,1,1,0,open,gg_correct,0,1,NA
905,1,0,0,1,1,0,open,dt_correct,1,0,1
906,0,1,0,0,0,1,closed,aca_correct,1,0,NA
906,0,1,0,0,0,1,closed,aca2_correct,1,0,1
906,0,1,0,0,0,1,closed,gg_correct,1,0,NA
906,0,1,0,0,0,1,closed,dt_correct,1,1,1
907,0,1,0,0,0,1,closed,aca_correct,0,0,NA
907,0,1,0,0,0,1,closed,aca2_correct,0,0,0
907,0,1,0,0,0,1,closed,gg_correct,0,0,NA
907,0,1,0,0,0,1,closed,dt_correct,0,1,0
908,1,0,0,NA,1,0,open,aca_correct,1,1,NA
908,1,0,0,NA,1,0,open,aca2_correct,1,1,1
908,1,0,0,NA,1,0,open,gg_correct,0,1,NA
908,1,0,0,NA,1,0,open,dt_correct,1,0,1
909,0,1,0,0,0,1,open,aca_correct,0,0,NA
909,0,1,0,0,0,1,open,aca2_correct,0,0,0
909,0,1,0,0,0,1,open,gg_correct,0,0,NA
909,0,1,0,0,0,1,open,dt_correct,1,1,1
911,1,0,0,1,1,0,open,aca_correct,0,1,NA
911,1,0,0,1,1,0,open,aca2_correct,0,1,0
911,1,0,0,1,1,0,open,gg_correct,1,1,NA
911,1,0,0,1,1,0,open,dt_correct,1,0,1
912,1,0,0,1,1,0,closed,aca_correct,0,1,NA
912,1,0,0,1,1,0,closed,aca2_correct,0,1,0
912,1,0,0,1,1,0,closed,gg_correct,0,1,NA
912,1,0,0,1,1,0,closed,dt_correct,1,0,1
913,1,0,0,1,1,0,open,aca_correct,1,1,NA
913,1,0,0,1,1,0,open,aca2_correct,1,1,1
913,1,0,0,1,1,0,open,gg_correct,0,1,NA
913,1,0,0,1,1,0,open,dt_correct,1,0,1
915,0,0,1,NA,NA,NA,open,aca_correct,0,NA,NA
915,0,0,1,NA,NA,NA,open,aca2_correct,0,NA,0
915,0,0,1,NA,NA,NA,open,gg_correct,0,NA,NA
915,0,0,1,NA,NA,NA,open,dt_correct,1,NA,1
917,1,0,0,1,1,0,open,aca_correct,0,1,NA
917,1,0,0,1,1,0,open,aca2_correct,0,1,0
917,1,0,0,1,1,0,open,gg_correct,0,1,NA
917,1,0,0,1,1,0,open,dt_correct,1,0,1
920,0,1,0,0,0,1,closed,aca_correct,1,0,NA
920,0,1,0,0,0,1,closed,aca2_correct,1,0,1
920,0,1,0,0,0,1,closed,gg_correct,0,0,NA
920,0,1,0,0,0,1,closed,dt_correct,1,1,1
923,1,0,0,1,1,0,open,aca_correct,1,1,NA
923,1,0,0,1,1,0,open,aca2_correct,1,1,1
923,1,0,0,1,1,0,open,gg_correct,1,1,NA
923,1,0,0,1,1,0,open,dt_correct,1,0,1
924,0,1,0,0,0,1,open,aca_correct,0,0,NA
924,0,1,0,0,0,1,open,aca2_correct,0,0,0
924,0,1,0,0,0,1,open,gg_correct,0,0,NA
924,0,1,0,0,0,1,open,dt_correct,1,1,1
925,0,0,1,NA,NA,NA,open,aca_correct,0,NA,NA
925,0,0,1,NA,NA,NA,open,aca2_correct,0,NA,0
925,0,0,1,NA,NA,NA,open,gg_correct,0,NA,NA
925,0,0,1,NA,NA,NA,open,dt_correct,1,NA,1
932,1,0,0,1,1,0,open,aca_correct,0,1,NA
932,1,0,0,1,1,0,open,aca2_correct,0,1,0
932,1,0,0,1,1,0,open,gg_correct,0,1,NA
932,1,0,0,1,1,0,open,dt_correct,1,0,1
933,NA,NA,NA,NA,0,1,closed,aca_correct,0,0,NA
933,NA,NA,NA,NA,0,1,closed,aca2_correct,0,0,0
933,NA,NA,NA,NA,0,1,closed,gg_correct,1,0,NA
933,NA,NA,NA,NA,0,1,closed,dt_correct,1,1,1
934,0,1,0,0,0,1,closed,aca_correct,0,0,NA
934,0,1,0,0,0,1,closed,aca2_correct,0,0,0
934,0,1,0,0,0,1,closed,gg_correct,0,0,NA
934,0,1,0,0,0,1,closed,dt_correct,1,1,1
935,1,0,0,1,1,0,closed,aca_correct,0,1,NA
935,1,0,0,1,1,0,closed,aca2_correct,1,1,1
935,1,0,0,1,1,0,closed,gg_correct,0,1,NA
935,1,0,0,1,1,0,closed,dt_correct,0,0,0
936,0,0,1,NA,NA,NA,closed,aca_correct,1,NA,NA
936,0,0,1,NA,NA,NA,closed,aca2_correct,0,NA,0
936,0,0,1,NA,NA,NA,closed,gg_correct,1,NA,NA
936,0,0,1,NA,NA,NA,closed,dt_correct,1,NA,1
939,0,1,0,0,0,1,closed,aca_correct,0,0,NA
939,0,1,0,0,0,1,closed,aca2_correct,0,0,0
939,0,1,0,0,0,1,closed,gg_correct,1,0,NA
939,0,1,0,0,0,1,closed,dt_correct,0,1,0
941,0,1,0,0,0,1,closed,aca_correct,0,0,NA
941,0,1,0,0,0,1,closed,aca2_correct,1,0,1
941,0,1,0,0,0,1,closed,gg_correct,0,0,NA
941,0,1,0,0,0,1,closed,dt_correct,1,1,1
944,0,1,0,0,0,1,closed,aca_correct,0,0,NA
944,0,1,0,0,0,1,closed,aca2_correct,1,0,1
944,0,1,0,0,0,1,closed,gg_correct,0,0,NA
944,0,1,0,0,0,1,closed,dt_correct,1,1,1
949,1,0,0,NA,1,0,closed,aca_correct,0,1,NA
949,1,0,0,NA,1,0,closed,aca2_correct,0,1,0
949,1,0,0,NA,1,0,closed,gg_correct,0,1,NA
949,1,0,0,NA,1,0,closed,dt_correct,1,0,1
952,0,1,0,0,0,1,closed,aca_correct,0,0,NA
952,0,1,0,0,0,1,closed,aca2_correct,0,0,0
952,0,1,0,0,0,1,closed,gg_correct,0,0,NA
952,0,1,0,0,0,1,closed,dt_correct,1,1,1
955,0,1,0,0,0,1,closed,aca_correct,0,0,NA
955,0,1,0,0,0,1,closed,aca2_correct,0,0,0
955,0,1,0,0,0,1,closed,gg_correct,1,0,NA
955,0,1,0,0,0,1,closed,dt_correct,1,1,1
956,1,0,0,1,1,0,closed,aca_correct,0,1,NA
956,1,0,0,1,1,0,closed,aca2_correct,0,1,0
956,1,0,0,1,1,0,closed,gg_correct,1,1,NA
956,1,0,0,1,1,0,closed,dt_correct,1,0,1
961,0,0,1,NA,NA,NA,closed,aca_correct,1,NA,NA
961,0,0,1,NA,NA,NA,closed,aca2_correct,1,NA,1
961,0,0,1,NA,NA,NA,closed,gg_correct,0,NA,NA
961,0,0,1,NA,NA,NA,closed,dt_correct,1,NA,1
963,0,0,1,NA,NA,NA,open,aca_correct,1,NA,NA
963,0,0,1,NA,NA,NA,open,aca2_correct,0,NA,0
963,0,0,1,NA,NA,NA,open,gg_correct,0,NA,NA
963,0,0,1,NA,NA,NA,open,dt_correct,1,NA,1
967,0,1,0,0,0,1,closed,aca_correct,0,0,NA
967,0,1,0,0,0,1,closed,aca2_correct,0,0,0
967,0,1,0,0,0,1,closed,gg_correct,0,0,NA
967,0,1,0,0,0,1,closed,dt_correct,1,1,1
970,0,1,0,0,0,1,closed,aca_correct,0,0,NA
970,0,1,0,0,0,1,closed,aca2_correct,0,0,0
970,0,1,0,0,0,1,closed,gg_correct,0,0,NA
970,0,1,0,0,0,1,closed,dt_correct,1,1,1
973,0,1,0,0,0,1,closed,aca_correct,0,0,NA
973,0,1,0,0,0,1,closed,aca2_correct,0,0,0
973,0,1,0,0,0,1,closed,gg_correct,0,0,NA
973,0,1,0,0,0,1,closed,dt_correct,1,1,1
974,1,0,0,1,1,0,closed,aca_correct,0,1,NA
974,1,0,0,1,1,0,closed,aca2_correct,0,1,0
974,1,0,0,1,1,0,closed,gg_correct,0,1,NA
974,1,0,0,1,1,0,closed,dt_correct,1,0,1
976,0,1,0,0,0,1,closed,aca_correct,0,0,NA
976,0,1,0,0,0,1,closed,aca2_correct,0,0,0
976,0,1,0,0,0,1,closed,gg_correct,1,0,NA
976,0,1,0,0,0,1,closed,dt_correct,1,1,1
979,0,1,0,0,0,1,closed,aca_correct,0,0,NA
979,0,1,0,0,0,1,closed,aca2_correct,0,0,0
979,0,1,0,0,0,1,closed,gg_correct,0,0,NA
979,0,1,0,0,0,1,closed,dt_correct,1,1,1
981,0,0,1,NA,NA,NA,closed,aca_correct,1,NA,NA
981,0,0,1,NA,NA,NA,closed,aca2_correct,0,NA,0
981,0,0,1,NA,NA,NA,closed,gg_correct,0,NA,NA
981,0,0,1,NA,NA,NA,closed,dt_correct,0,NA,0
983,1,0,0,1,1,0,open,aca_correct,0,1,NA
983,1,0,0,1,1,0,open,aca2_correct,1,1,1
983,1,0,0,1,1,0,open,gg_correct,0,1,NA
983,1,0,0,1,1,0,open,dt_correct,1,0,1
984,1,0,0,1,1,0,closed,aca_correct,1,1,NA
984,1,0,0,1,1,0,closed,aca2_correct,1,1,1
984,1,0,0,1,1,0,closed,gg_correct,1,1,NA
984,1,0,0,1,1,0,closed,dt_correct,1,0,1
989,1,0,0,1,1,0,closed,aca_correct,1,1,NA
989,1,0,0,1,1,0,closed,aca2_correct,0,1,0
989,1,0,0,1,1,0,closed,gg_correct,0,1,NA
989,1,0,0,1,1,0,closed,dt_correct,1,0,1
991,0,1,0,0,0,1,closed,aca_correct,0,0,NA
991,0,1,0,0,0,1,closed,aca2_correct,0,0,0
991,0,1,0,0,0,1,closed,gg_correct,0,0,NA
991,0,1,0,0,0,1,closed,dt_correct,0,1,0
994,1,0,0,1,1,0,closed,aca_correct,1,1,NA
994,1,0,0,1,1,0,closed,aca2_correct,1,1,1
994,1,0,0,1,1,0,closed,gg_correct,1,1,NA
994,1,0,0,1,1,0,closed,dt_correct,1,0,1
999,0,1,0,0,0,1,closed,aca_correct,0,0,NA
999,0,1,0,0,0,1,closed,aca2_correct,0,0,0
999,0,1,0,0,0,1,closed,gg_correct,0,0,NA
999,0,1,0,0,0,1,closed,dt_correct,1,1,1
1000,1,0,0,1,1,0,closed,aca_correct,0,1,NA
1000,1,0,0,1,1,0,closed,aca2_correct,0,1,0
1000,1,0,0,1,1,0,closed,gg_correct,0,1,NA
1000,1,0,0,1,1,0,closed,dt_correct,0,0,0
1002,0,0,1,NA,NA,NA,closed,aca_correct,0,NA,NA
1002,0,0,1,NA,NA,NA,closed,aca2_correct,0,NA,0
1002,0,0,1,NA,NA,NA,closed,gg_correct,0,NA,NA
1002,0,0,1,NA,NA,NA,closed,dt_correct,1,NA,1
1005,0,1,0,0,0,1,closed,aca_correct,0,0,NA
1005,0,1,0,0,0,1,closed,aca2_correct,0,0,0
1005,0,1,0,0,0,1,closed,gg_correct,0,0,NA
1005,0,1,0,0,0,1,closed,dt_correct,1,1,1
1007,NA,NA,NA,NA,0,1,closed,aca_correct,0,0,NA
1007,NA,NA,NA,NA,0,1,closed,aca2_correct,0,0,0
1007,NA,NA,NA,NA,0,1,closed,gg_correct,1,0,NA
1007,NA,NA,NA,NA,0,1,closed,dt_correct,1,1,1
1010,NA,NA,NA,NA,0,1,closed,aca_correct,1,0,NA
1010,NA,NA,NA,NA,0,1,closed,aca2_correct,0,0,0
1010,NA,NA,NA,NA,0,1,closed,gg_correct,0,0,NA
1010,NA,NA,NA,NA,0,1,closed,dt_correct,1,1,1
1011,0,1,0,0,0,1,open,aca_correct,1,0,NA
1011,0,1,0,0,0,1,open,aca2_correct,0,0,0
1011,0,1,0,0,0,1,open,gg_correct,0,0,NA
1011,0,1,0,0,0,1,open,dt_correct,1,1,1
1012,1,0,0,1,1,0,closed,aca_correct,0,1,NA
1012,1,0,0,1,1,0,closed,aca2_correct,1,1,1
1012,1,0,0,1,1,0,closed,gg_correct,0,1,NA
1012,1,0,0,1,1,0,closed,dt_correct,1,0,1
1014,1,0,0,1,1,0,open,aca_correct,0,1,NA
1014,1,0,0,1,1,0,open,aca2_correct,0,1,0
1014,1,0,0,1,1,0,open,gg_correct,1,1,NA
1014,1,0,0,1,1,0,open,dt_correct,1,0,1
1015,0,1,0,0,0,1,closed,aca_correct,0,0,NA
1015,0,1,0,0,0,1,closed,aca2_correct,0,0,0
1015,0,1,0,0,0,1,closed,gg_correct,0,0,NA
1015,0,1,0,0,0,1,closed,dt_correct,1,1,1
1016,1,0,0,1,1,0,closed,aca_correct,0,1,NA
1016,1,0,0,1,1,0,closed,aca2_correct,1,1,1
1016,1,0,0,1,1,0,closed,gg_correct,0,1,NA
1016,1,0,0,1,1,0,closed,dt_correct,0,0,0
1017,NA,NA,NA,NA,0,1,closed,aca_correct,1,0,NA
1017,NA,NA,NA,NA,0,1,closed,aca2_correct,0,0,0
1017,NA,NA,NA,NA,0,1,closed,gg_correct,1,0,NA
1017,NA,NA,NA,NA,0,1,closed,dt_correct,0,1,0
1018,1,0,0,1,1,0,closed,aca_correct,0,1,NA
1018,1,0,0,1,1,0,closed,aca2_correct,0,1,0
1018,1,0,0,1,1,0,closed,gg_correct,0,1,NA
1018,1,0,0,1,1,0,closed,dt_correct,1,0,1
1019,1,0,0,NA,1,0,closed,aca_correct,0,1,NA
1019,1,0,0,NA,1,0,closed,aca2_correct,0,1,0
1019,1,0,0,NA,1,0,closed,gg_correct,0,1,NA
1019,1,0,0,NA,1,0,closed,dt_correct,1,0,1
1021,0,1,0,0,0,1,open,aca_correct,1,0,NA
1021,0,1,0,0,0,1,open,aca2_correct,0,0,0
1021,0,1,0,0,0,1,open,gg_correct,0,0,NA
1021,0,1,0,0,0,1,open,dt_correct,1,1,1
1022,0,1,0,0,0,1,open,aca_correct,0,0,NA
1022,0,1,0,0,0,1,open,aca2_correct,0,0,0
1022,0,1,0,0,0,1,open,gg_correct,0,0,NA
1022,0,1,0,0,0,1,open,dt_correct,1,1,1
1023,1,0,0,NA,1,0,open,aca_correct,1,1,NA
1023,1,0,0,NA,1,0,open,aca2_correct,1,1,1
1023,1,0,0,NA,1,0,open,gg_correct,0,1,NA
1023,1,0,0,NA,1,0,open,dt_correct,1,0,1
1025,1,0,0,1,1,0,open,aca_correct,0,1,NA
1025,1,0,0,1,1,0,open,aca2_correct,0,1,0
1025,1,0,0,1,1,0,open,gg_correct,0,1,NA
1025,1,0,0,1,1,0,open,dt_correct,1,0,1
1026,0,1,0,0,0,1,open,aca_correct,0,0,NA
1026,0,1,0,0,0,1,open,aca2_correct,1,0,1
1026,0,1,0,0,0,1,open,gg_correct,0,0,NA
1026,0,1,0,0,0,1,open,dt_correct,1,1,1
1027,1,0,0,1,1,0,closed,aca_correct,0,1,NA
1027,1,0,0,1,1,0,closed,aca2_correct,0,1,0
1027,1,0,0,1,1,0,closed,gg_correct,0,1,NA
1027,1,0,0,1,1,0,closed,dt_correct,1,0,1
1028,0,1,0,0,0,1,closed,aca_correct,0,0,NA
1028,0,1,0,0,0,1,closed,aca2_correct,0,0,0
1028,0,1,0,0,0,1,closed,gg_correct,0,0,NA
1028,0,1,0,0,0,1,closed,dt_correct,1,1,1
1029,1,0,0,1,1,0,closed,aca_correct,0,1,NA
1029,1,0,0,1,1,0,closed,aca2_correct,0,1,0
1029,1,0,0,1,1,0,closed,gg_correct,1,1,NA
1029,1,0,0,1,1,0,closed,dt_correct,1,0,1
1031,1,0,0,NA,1,0,closed,aca_correct,1,1,NA
1031,1,0,0,NA,1,0,closed,aca2_correct,1,1,1
1031,1,0,0,NA,1,0,closed,gg_correct,0,1,NA
1031,1,0,0,NA,1,0,closed,dt_correct,1,0,1
1033,1,0,0,1,1,0,open,aca_correct,0,1,NA
1033,1,0,0,1,1,0,open,aca2_correct,0,1,0
1033,1,0,0,1,1,0,open,gg_correct,0,1,NA
1033,1,0,0,1,1,0,open,dt_correct,1,0,1
1035,1,0,0,1,1,0,closed,aca_correct,0,1,NA
1035,1,0,0,1,1,0,closed,aca2_correct,0,1,0
1035,1,0,0,1,1,0,closed,gg_correct,1,1,NA
1035,1,0,0,1,1,0,closed,dt_correct,1,0,1
1038,1,0,0,NA,1,0,closed,aca_correct,1,1,NA
1038,1,0,0,NA,1,0,closed,aca2_correct,0,1,0
1038,1,0,0,NA,1,0,closed,gg_correct,0,1,NA
1038,1,0,0,NA,1,0,closed,dt_correct,1,0,1
1040,1,0,0,1,1,0,closed,aca_correct,1,1,NA
1040,1,0,0,1,1,0,closed,aca2_correct,0,1,0
1040,1,0,0,1,1,0,closed,gg_correct,0,1,NA
1040,1,0,0,1,1,0,closed,dt_correct,1,0,1
1043,1,0,0,NA,1,0,open,aca_correct,1,1,NA
1043,1,0,0,NA,1,0,open,aca2_correct,1,1,1
1043,1,0,0,NA,1,0,open,gg_correct,1,1,NA
1043,1,0,0,NA,1,0,open,dt_correct,1,0,1
1045,0,0,1,NA,NA,NA,closed,aca_correct,0,NA,NA
1045,0,0,1,NA,NA,NA,closed,aca2_correct,0,NA,0
1045,0,0,1,NA,NA,NA,closed,gg_correct,0,NA,NA
1045,0,0,1,NA,NA,NA,closed,dt_correct,1,NA,1
1046,0,1,0,0,0,1,closed,aca_correct,0,0,NA
1046,0,1,0,0,0,1,closed,aca2_correct,0,0,0
1046,0,1,0,0,0,1,closed,gg_correct,0,0,NA
1046,0,1,0,0,0,1,closed,dt_correct,0,1,0
1048,1,0,0,1,1,0,open,aca_correct,1,1,NA
1048,1,0,0,1,1,0,open,aca2_correct,0,1,0
1048,1,0,0,1,1,0,open,gg_correct,0,1,NA
1048,1,0,0,1,1,0,open,dt_correct,1,0,1
1050,1,0,0,1,1,0,open,aca_correct,0,1,NA
1050,1,0,0,1,1,0,open,aca2_correct,0,1,0
1050,1,0,0,1,1,0,open,gg_correct,0,1,NA
1050,1,0,0,1,1,0,open,dt_correct,1,0,1
1055,0,0,1,NA,NA,NA,open,aca_correct,1,NA,NA
1055,0,0,1,NA,NA,NA,open,aca2_correct,1,NA,1
1055,0,0,1,NA,NA,NA,open,gg_correct,1,NA,NA
1055,0,0,1,NA,NA,NA,open,dt_correct,1,NA,1
1057,0,1,0,0,0,1,closed,aca_correct,0,0,NA
1057,0,1,0,0,0,1,closed,aca2_correct,0,0,0
1057,0,1,0,0,0,1,closed,gg_correct,0,0,NA
1057,0,1,0,0,0,1,closed,dt_correct,0,1,0
1058,0,1,0,0,0,1,closed,aca_correct,1,0,NA
1058,0,1,0,0,0,1,closed,aca2_correct,0,0,0
1058,0,1,0,0,0,1,closed,gg_correct,0,0,NA
1058,0,1,0,0,0,1,closed,dt_correct,1,1,1
1059,0,1,0,0,0,1,closed,aca_correct,0,0,NA
1059,0,1,0,0,0,1,closed,aca2_correct,1,0,1
1059,0,1,0,0,0,1,closed,gg_correct,0,0,NA
1059,0,1,0,0,0,1,closed,dt_correct,1,1,1
